Intencao,Tipo_Objeto,Objeto,Chamadas
HEAL,GOLPE,roost,11598
ATTACK_STRONG,GOLPE,earthquake,10286
ATTACK_PIVOT,GOLPE,uturn,9034
STAT_CLEAN,GOLPE,haze,6839
ATTACK_STRONG,GOLPE,scald,5950
HEAL,GOLPE,recover,5860
ATTACK_STRONG,GOLPE,moonblast,5011
ATTACK_PIVOT,GOLPE,teleport,4550
ATTACK_TECH,GOLPE,bodypress,4390
ATTACK_TECH,GOLPE,scald,4345
ATTACK_TECH,GOLPE,seismictoss,4130
HEAL,GOLPE,softboiled,4104
ATTACK_TECH,GOLPE,knockoff,3817
PROTECT,GOLPE,protect,3691
STATUS,GOLPE,toxic,3377
ATTACK_STRONG,GOLPE,icebeam,3258
ATTACK_STRONG,GOLPE,bravebird,3234
HAZARD,GOLPE,stealthrock,2901
ATTACK_PREDICTIVE,GOLPE,uturn,2900
ATTACK_STRONG,GOLPE,earthpower,2685
BUFF,GOLPE,swordsdance,2583
ATTACK_STRONG,GOLPE,knockoff,2549
HEAL,GOLPE,slackoff,2491
ATTACK_STRONG,GOLPE,thunderbolt,2433
ATTACK_STRONG,GOLPE,stoneedge,2395
SWITCH_DEFENSIVE,TROCA,corviknight,2139
ATTACK_PREDICTIVE,GOLPE,earthquake,2097
SWITCH_DEFENSIVE,TROCA,slowbro,2092
ATTACK_STRONG,GOLPE,closecombat,2055
ATTACK_PREDICTIVE,GOLPE,knockoff,1881
ATTACK_STRONG,GOLPE,psychic,1851
ATTACK_STRONG,GOLPE,flamethrower,1836
SWITCH_DEFENSIVE,TROCA,gliscor,1812
ATTACK_TECH,GOLPE,foulplay,1768
ATTACK_PREDICTIVE,GOLPE,closecombat,1718
ATTACK_STRONG,GOLPE,gigadrain,1650
STATUS,GOLPE,wish,1638
ATTACK_STRONG,GOLPE,ironhead,1624
ATTACK_STRONG,GOLPE,darkpulse,1618
BUFF,GOLPE,calmmind,1617
ATTACK_STRONG,GOLPE,sludgebomb,1504
ATTACK_STRONG,GOLPE,magmastorm,1464
DISRUPTION,GOLPE,taunt,1463
HAZARD,GOLPE,spikes,1444
SWITCH_OFFENSIVE,TROCA,slowbro,1439
ATTACK_STRONG,GOLPE,crunch,1410
ATTACK_PIVOT,GOLPE,voltswitch,1410
CLEAN_HAZARD,GOLPE,defog,1386
ATTACK_PREDICTIVE,GOLPE,stoneedge,1362
SWITCH_OFFENSIVE,TROCA,corviknight,1361
ATTACK_STRONG,GOLPE,bodypress,1296
SWITCH_OFFENSIVE,TROCA,landorustherian,1263
FIELD_CONTROL,GOLPE,trickroom,1245
SWITCH_DEFENSIVE,TROCA,heatran,1199
STATUS,GOLPE,leechseed,1144
SWITCH_DEFENSIVE,TROCA,magnezone,1143
ATTACK_PREDICTIVE,GOLPE,earthpower,1139
ATTACK_STRONG,GOLPE,hiddenpowerfire,1099
ATTACK_STRONG,GOLPE,playrough,1076
SWITCH_OFFENSIVE,TROCA,gliscor,1069
ATTACK_STRONG,GOLPE,hornleech,1061
ATTACK_TECH,GOLPE,gigadrain,1038
SWITCH_DEFENSIVE,TROCA,clefable,1037
ATTACK_STRONG,GOLPE,uturn,1020
ATTACK_STRONG,GOLPE,flashcannon,1017
ATTACK_STRONG,GOLPE,liquidation,1009
ATTACK_STRONG,GOLPE,psyshock,996
ATTACK_PREDICTIVE,GOLPE,scald,989
SWITCH_DEFENSIVE,TROCA,toxapex,985
ATTACK_STRONG,GOLPE,hydropump,975
SWITCH_DEFENSIVE,TROCA,landorustherian,922
SWITCH_DEFENSIVE,TROCA,ferrothorn,919
ATTACK_STRONG,GOLPE,futuresight,909
STATUS,GOLPE,sleeptalk,898
STATUS,GOLPE,substitute,894
SWITCH_OFFENSIVE,TROCA,clefable,879
ATTACK_STRONG,GOLPE,icepunch,874
ATTACK_TECH,GOLPE,mysticalfire,872
ATTACK_STRONG,GOLPE,powerwhip,851
ATTACK_STRONG,GOLPE,hurricane,842
SWITCH_OFFENSIVE,TROCA,heatran,837
ATTACK_PREDICTIVE,GOLPE,icebeam,827
BUFF,GOLPE,irondefense,827
SWITCH_DEFENSIVE,TROCA,mandibuzz,798
SWITCH_OFFENSIVE,TROCA,skarmory,789
ATTACK_STRONG,GOLPE,freezedry,789
ATTACK_STRONG,GOLPE,voltswitch,779
SWITCH_OFFENSIVE,TROCA,toxapex,754
SWITCH_OFFENSIVE,TROCA,magnezone,753
BUFF,GOLPE,dragondance,712
SWITCH_DEFENSIVE,TROCA,tyranitar,707
ATTACK_STRONG,GOLPE,flareblitz,706
SWITCH_OFFENSIVE,TROCA,mandibuzz,693
STATUS,GOLPE,thunderwave,683
SWITCH_DEFENSIVE,TROCA,blissey,673
STAT_CLEAN,GOLPE,clearsmog,672
ATTACK_STRONG,GOLPE,shadowball,671
HEAL,GOLPE,synthesis,665
SWITCH_DEFENSIVE,TROCA,scizor,663
ATTACK_STRONG,GOLPE,leafstorm,638
ATTACK_STRONG,GOLPE,focusblast,628
ATTACK_STRONG,GOLPE,firepunch,625
ATTACK_PREDICTIVE,GOLPE,teleport,619
ATTACK_PREDICTIVE,GOLPE,magmastorm,611
ATTACK_PREDICTIVE,GOLPE,dracometeor,603
ATTACK_PREDICTIVE,GOLPE,focusblast,595
SWITCH_OFFENSIVE,TROCA,porygon2,593
ATTACK_STRONG,GOLPE,hex,589
ATTACK_STRONG,GOLPE,blizzard,589
ATTACK_STRONG,GOLPE,boltbeak,588
SWITCH_OFFENSIVE,TROCA,blissey,581
ATTACK_PREDICTIVE,GOLPE,voltswitch,580
DISRUPTION,GOLPE,encore,580
ATTACK_STRONG,GOLPE,struggle,579
SWITCH_DEFENSIVE,TROCA,porygon2,579
SWITCH_OFFENSIVE,TROCA,tyranitar,568
ATTACK_PREDICTIVE,GOLPE,aurasphere,567
SWITCH_DEFENSIVE,TROCA,zapdos,566
ATTACK_STRONG,GOLPE,poisonjab,566
ATTACK_PREDICTIVE,GOLPE,thunderbolt,564
SWITCH_DEFENSIVE,TROCA,skarmory,562
ATTACK_STRONG,GOLPE,hiddenpowerice,561
SWITCH_OFFENSIVE,TROCA,ferrothorn,552
ATTACK_STRONG,GOLPE,leafblade,552
ATTACK_PREDICTIVE,GOLPE,flashcannon,547
SWITCH_OFFENSIVE,TROCA,zapdos,543
ATTACK_PREDICTIVE,GOLPE,icepunch,538
SWITCH_DEFENSIVE,TROCA,serperior,538
ATTACK_PREDICTIVE,GOLPE,gigadrain,537
SWITCH_DEFENSIVE,TROCA,mawile,534
HEAL,GOLPE,moonlight,529
ATTACK_STRONG,GOLPE,iciclespear,528
SWITCH_OFFENSIVE,TROCA,tapukoko,527
SWITCH_OFFENSIVE,TROCA,excadrill,526
BUFF,GOLPE,curse,525
ATTACK_STRONG,GOLPE,eruption,524
ATTACK_STRONG,GOLPE,acrobatics,519
ATTACK_TECH,GOLPE,rocktomb,513
SWITCH_DEFENSIVE,TROCA,latios,512
ATTACK_STRONG,GOLPE,drainpunch,511
ATTACK_STRONG,GOLPE,aurasphere,510
ATTACK_STRONG,GOLPE,saltcure,508
SWITCH_OFFENSIVE,TROCA,kartana,495
ATTACK_STRONG,GOLPE,dracometeor,495
SWITCH_DEFENSIVE,TROCA,garchomp,494
ATTACK_PREDICTIVE,GOLPE,futuresight,490
ATTACK_PREDICTIVE,GOLPE,hurricane,475
ATTACK_STRONG,GOLPE,grassyglide,473
SWITCH_OFFENSIVE,TROCA,venusaur,469
ATTACK_PREDICTIVE,GOLPE,hydropump,468
ATTACK_PREDICTIVE,GOLPE,flamethrower,462
ATTACK_PREDICTIVE,GOLPE,superpower,457
ATTACK_STRONG,GOLPE,surf,452
ATTACK_STRONG,GOLPE,rockblast,452
ATTACK_PREDICTIVE,GOLPE,ironhead,451
ATTACK_STRONG,GOLPE,iciclecrash,442
HAZARD,GOLPE,toxicspikes,441
ATTACK_STRONG,GOLPE,heatwave,439
ATTACK_PREDICTIVE,GOLPE,bodypress,435
SWITCH_OFFENSIVE,TROCA,tapulele,435
SWITCH_DEFENSIVE,TROCA,chansey,430
ATTACK_STRONG,GOLPE,dazzlinggleam,427
SWITCH_OFFENSIVE,TROCA,scizor,426
ATTACK_STRONG,GOLPE,clangingscales,425
SWITCH_OFFENSIVE,TROCA,rillaboom,424
ATTACK_STRONG,GOLPE,facade,422
ATTACK_STRONG,GOLPE,highhorsepower,421
SWITCH_DEFENSIVE,TROCA,deoxysdefense,420
ATTACK_STRONG,GOLPE,weatherball,419
ATTACK_PREDICTIVE,GOLPE,psychic,418
SWITCH_DEFENSIVE,TROCA,excadrill,417
SWITCH_DEFENSIVE,TROCA,amoonguss,413
ATTACK_TECH,GOLPE,hornleech,412
ATTACK_STRONG,GOLPE,thunder,412
SWITCH_OFFENSIVE,TROCA,urshifurapidstrike,410
SWITCH_DEFENSIVE,TROCA,pelipper,404
ATTACK_STRONG,GOLPE,thunderpunch,402
ATTACK_PREDICTIVE,GOLPE,playrough,396
ATTACK_PREDICTIVE,GOLPE,psyshock,396
SWITCH_DEFENSIVE,TROCA,charizard,395
ATTACK_PREDICTIVE,GOLPE,bulletpunch,394
ATTACK_STRONG,GOLPE,waterfall,393
ATTACK_PREDICTIVE,GOLPE,shadowball,391
SWITCH_OFFENSIVE,TROCA,garchomp,390
SWITCH_DEFENSIVE,TROCA,kartana,387
SWITCH_DEFENSIVE,TROCA,latias,386
SWITCH_DEFENSIVE,TROCA,venusaur,384
ATTACK_STRONG,GOLPE,shadowclaw,382
ATTACK_STRONG,GOLPE,sacredsword,379
STATUS,GOLPE,trick,379
ATTACK_STRONG,GOLPE,suckerpunch,379
ATTACK_PREDICTIVE,GOLPE,hiddenpowerfire,369
ATTACK_PREDICTIVE,GOLPE,sludgebomb,369
SWITCH_OFFENSIVE,TROCA,chansey,368
ATTACK_PREDICTIVE,GOLPE,darkpulse,363
SWITCH_DEFENSIVE,TROCA,quagsire,363
SWITCH_OFFENSIVE,TROCA,charizard,361
ATTACK_TECH,GOLPE,superfang,357
SWITCH_DEFENSIVE,TROCA,urshifurapidstrike,354
ATTACK_STRONG,GOLPE,scorchingsands,351
SWITCH_OFFENSIVE,TROCA,serperior,348
HEAL,GOLPE,strengthsap,348
SWITCH_OFFENSIVE,TROCA,deoxysdefense,345
SWITCH_DEFENSIVE,TROCA,rillaboom,345
SWITCH_DEFENSIVE,TROCA,tapukoko,342
SWITCH_DEFENSIVE,TROCA,slowkinggalar,341
SWITCH_OFFENSIVE,TROCA,latios,341
HEAL,GOLPE,milkdrink,340
ATTACK_STRONG,GOLPE,iceshard,338
SWITCH_DEFENSIVE,TROCA,dondozo,335
SWITCH_OFFENSIVE,TROCA,garganacl,333
ATTACK_PIVOT,GOLPE,partingshot,331
STATUS,GOLPE,glare,329
STATUS,GOLPE,spore,327
STATUS,GOLPE,yawn,327
SWITCH_DEFENSIVE,TROCA,garganacl,325
SWITCH_OFFENSIVE,TROCA,quagsire,325
ATTACK_PREDICTIVE,GOLPE,heatwave,324
ATTACK_PREDICTIVE,GOLPE,crunch,323
ATTACK_STRONG,GOLPE,bugbuzz,320
ATTACK_STRONG,GOLPE,chargebeam,319
SWITCH_OFFENSIVE,TROCA,mawile,315
SWITCH_OFFENSIVE,TROCA,latias,314
ATTACK_STRONG,GOLPE,mysticalfire,313
SWITCH_DEFENSIVE,TROCA,cresselia,312
ATTACK_PREDICTIVE,GOLPE,blizzard,311
ATTACK_STRONG,GOLPE,bulletpunch,310
ATTACK_TECH,GOLPE,saltcure,309
SWITCH_DEFENSIVE,TROCA,tapulele,308
ATTACK_STRONG,GOLPE,wavecrash,306
SWITCH_OFFENSIVE,TROCA,volcarona,306
SWITCH_OFFENSIVE,TROCA,amoonguss,300
ATTACK_STRONG,GOLPE,solarbeam,299
ATTACK_STRONG,GOLPE,fly,299
SWITCH_DEFENSIVE,TROCA,hawlucha,298
SWITCH_DEFENSIVE,TROCA,reuniclus,296
STATUS,GOLPE,painsplit,296
ATTACK_PREDICTIVE,GOLPE,thunder,293
STATUS,GOLPE,naturepower,292
ATTACK_STRONG,GOLPE,photongeyser,289
ATTACK_STRONG,GOLPE,zenheadbutt,289
ATTACK_STRONG,GOLPE,superpower,289
SWITCH_OFFENSIVE,TROCA,hawlucha,288
SWITCH_OFFENSIVE,TROCA,kommoo,288
SWITCH_DEFENSIVE,TROCA,tapubulu,288
SWITCH_OFFENSIVE,TROCA,pelipper,286
HEAL_STATUS,GOLPE,healbell,286
SWITCH_OFFENSIVE,TROCA,cresselia,286
STATUS,GOLPE,chillyreception,285
PROTECT,GOLPE,heavyslam,285
ATTACK_PREDICTIVE,GOLPE,leafstorm,282
SWITCH_DEFENSIVE,TROCA,slowking,281
SWITCH_DEFENSIVE,TROCA,torkoal,280
SWITCH_DEFENSIVE,TROCA,steelix,279
BUFF,GOLPE,quiverdance,279
STATUS,GOLPE,lunardance,277
SWITCH_OFFENSIVE,TROCA,weavile,276
SWITCH_DEFENSIVE,TROCA,krookodile,274
SWITCH_OFFENSIVE,TROCA,swampert,274
ATTACK_PREDICTIVE,GOLPE,scaleshot,273
ATTACK_STRONG,GOLPE,focuspunch,272
SWITCH_OFFENSIVE,TROCA,greninja,271
SWITCH_OFFENSIVE,TROCA,mamoswine,271
SWITCH_OFFENSIVE,TROCA,dondozo,270
SWITCH_OFFENSIVE,TROCA,reuniclus,267
ATTACK_PIVOT,GOLPE,flipturn,264
SWITCH_OFFENSIVE,TROCA,krookodile,263
SWITCH_DEFENSIVE,TROCA,kommoo,261
STATUS,GOLPE,willowisp,261
ATTACK_PREDICTIVE,GOLPE,iciclecrash,259
SWITCH_DEFENSIVE,TROCA,tapufini,257
ATTACK_PREDICTIVE,GOLPE,bugbuzz,249
ATTACK_STRONG,GOLPE,bugbite,248
ATTACK_PREDICTIVE,GOLPE,scorchingsands,246
SWITCH_OFFENSIVE,TROCA,tapubulu,245
ATTACK_TECH,GOLPE,drainpunch,242
SWITCH_DEFENSIVE,TROCA,hydreigon,238
ATTACK_PREDICTIVE,GOLPE,moonblast,236
SWITCH_DEFENSIVE,TROCA,rotomheat,236
ATTACK_STRONG,GOLPE,bulletseed,228
ATTACK_PREDICTIVE,GOLPE,weatherball,228
SWITCH_DEFENSIVE,TROCA,houndoom,227
ATTACK_STRONG,GOLPE,lavaplume,227
SWITCH_DEFENSIVE,TROCA,volcarona,227
SWITCH_OFFENSIVE,TROCA,rotomwash,225
ATTACK_PREDICTIVE,GOLPE,dive,224
SWITCH_OFFENSIVE,TROCA,slowking,223
SWITCH_DEFENSIVE,TROCA,aegislash,219
SWITCH_DEFENSIVE,TROCA,dracozolt,218
SWITCH_OFFENSIVE,TROCA,houndoom,215
ATTACK_PREDICTIVE,GOLPE,solarbeam,215
ATTACK_STRONG,GOLPE,woodhammer,211
ATTACK_PREDICTIVE,GOLPE,iceshard,210
SWITCH_DEFENSIVE,TROCA,donphan,209
ATTACK_PREDICTIVE,GOLPE,acrobatics,208
SWITCH_DEFENSIVE,TROCA,pecharunt,207
ATTACK_STRONG,GOLPE,fakeout,206
ATTACK_STRONG,GOLPE,petalblizzard,205
ATTACK_PREDICTIVE,GOLPE,suckerpunch,205
SWITCH_OFFENSIVE,TROCA,dracozolt,203
BUFF,GOLPE,nastyplot,203
ATTACK_PREDICTIVE,GOLPE,hiddenpowerground,203
ATTACK_STRONG,GOLPE,discharge,202
SWITCH_DEFENSIVE,TROCA,melmetal,202
SWITCH_DEFENSIVE,TROCA,mamoswine,201
SWITCH_OFFENSIVE,TROCA,kyurem,200
SWITCH_OFFENSIVE,TROCA,hydreigon,200
ATTACK_STRONG,GOLPE,scaleshot,200
ATTACK_STRONG,GOLPE,dive,200
ATTACK_STRONG,GOLPE,malignantchain,199
ATTACK_TECH,GOLPE,thief,199
SWITCH_OFFENSIVE,TROCA,abomasnow,198
CLEAN_HAZARD,GOLPE,rapidspin,196
SWITCH_DEFENSIVE,TROCA,golemalola,192
SWITCH_OFFENSIVE,TROCA,slowkinggalar,192
ATTACK_PREDICTIVE,GOLPE,highhorsepower,191
SWITCH_DEFENSIVE,TROCA,cloyster,191
SWITCH_OFFENSIVE,TROCA,donphan,190
ATTACK_STRONG,GOLPE,dragonclaw,190
SWITCH_DEFENSIVE,TROCA,rotomwash,189
ATTACK_STRONG,GOLPE,gunkshot,189
ATTACK_PREDICTIVE,GOLPE,saltcure,188
SWITCH_DEFENSIVE,TROCA,aggron,188
FIELD_CONTROL,GOLPE,sunnyday,187
PHAZE,GOLPE,whirlwind,187
ATTACK_STRONG,GOLPE,explosion,185
SWITCH_OFFENSIVE,TROCA,breloom,185
BARRIER,GOLPE,lightscreen,184
SWITCH_DEFENSIVE,TROCA,dragonite,184
BUFF,GOLPE,cosmicpower,184
SWITCH_DEFENSIVE,TROCA,stakataka,183
ATTACK_PREDICTIVE,GOLPE,tripleaxel,183
SWITCH_OFFENSIVE,TROCA,arctozolt,183
ATTACK_STRONG,GOLPE,fireblast,181
SWITCH_DEFENSIVE,TROCA,altaria,180
ATTACK_TECH,GOLPE,lavaplume,180
ATTACK_STRONG,GOLPE,overheat,179
BUFF,GOLPE,bodypress,178
SWITCH_DEFENSIVE,TROCA,swampert,178
SWITCH_OFFENSIVE,TROCA,rotomheat,178
ATTACK_PREDICTIVE,GOLPE,dazzlinggleam,178
BARRIER,GOLPE,auroraveil,178
ATTACK_PREDICTIVE,GOLPE,overheat,177
PHAZE,GOLPE,dragontail,177
BUFF,GOLPE,cottonguard,175
SWITCH_DEFENSIVE,TROCA,greninja,175
ATTACK_STRONG,GOLPE,doubleironbash,174
ATTACK_STRONG,GOLPE,smackdown,174
SWITCH_DEFENSIVE,TROCA,kyurem,173
SWITCH_OFFENSIVE,TROCA,gengar,173
ATTACK_PREDICTIVE,GOLPE,hiddenpowerice,173
SWITCH_OFFENSIVE,TROCA,dubwool,172
SWITCH_DEFENSIVE,TROCA,necrozma,172
HEAL,GOLPE,rest,171
ATTACK_PREDICTIVE,GOLPE,flareblitz,171
ATTACK_STRONG,GOLPE,triattack,169
ATTACK_PREDICTIVE,GOLPE,liquidation,169
ATTACK_STRONG,GOLPE,dragonpulse,169
ATTACK_STRONG,GOLPE,foulplay,167
SWITCH_DEFENSIVE,TROCA,mantine,167
SWITCH_OFFENSIVE,TROCA,pecharunt,167
ATTACK_STRONG,GOLPE,outrage,164
ATTACK_TECH,GOLPE,naturesmadness,164
ATTACK_PREDICTIVE,GOLPE,firepunch,163
SWITCH_OFFENSIVE,TROCA,barraskewda,160
ATTACK_PREDICTIVE,GOLPE,powerwhip,160
ATTACK_PREDICTIVE,GOLPE,sacredsword,156
ATTACK_STRONG,GOLPE,burningjealousy,154
SWITCH_OFFENSIVE,TROCA,necrozma,154
SWITCH_DEFENSIVE,TROCA,breloom,151
ATTACK_PREDICTIVE,GOLPE,rocktomb,151
ATTACK_PREDICTIVE,GOLPE,signalbeam,150
SWITCH_DEFENSIVE,TROCA,ninetalesalola,150
SWITCH_OFFENSIVE,TROCA,infernape,149
SWITCH_OFFENSIVE,TROCA,golemalola,149
SWITCH_OFFENSIVE,TROCA,umbreon,149
SWITCH_OFFENSIVE,TROCA,steelix,148
ATTACK_STRONG,GOLPE,sludgewave,147
SWITCH_OFFENSIVE,TROCA,blacephalon,145
ATTACK_PREDICTIVE,GOLPE,fireblast,145
ATTACK_STRONG,GOLPE,quickattack,145
BUFF,GOLPE,bulkup,145
ATTACK_STRONG,GOLPE,wildcharge,143
SWITCH_OFFENSIVE,TROCA,torkoal,142
SWITCH_OFFENSIVE,TROCA,melmetal,142
ATTACK_PREDICTIVE,GOLPE,drainpunch,142
ATTACK_PREDICTIVE,GOLPE,firefang,142
ATTACK_PREDICTIVE,GOLPE,storedpower,142
SWITCH_DEFENSIVE,TROCA,arctozolt,141
ATTACK_STRONG,GOLPE,lastresort,141
ATTACK_STRONG,GOLPE,firefang,141
ATTACK_PREDICTIVE,GOLPE,superfang,141
SWITCH_DEFENSIVE,TROCA,oinkologne,140
SWITCH_DEFENSIVE,TROCA,gastrodon,140
ATTACK_PREDICTIVE,GOLPE,dragonclaw,140
SWITCH_DEFENSIVE,TROCA,delcatty,140
SWITCH_DEFENSIVE,TROCA,umbreon,139
STATUS,GOLPE,metronome,139
SWITCH_OFFENSIVE,TROCA,cloyster,138
SWITCH_DEFENSIVE,TROCA,hypno,138
SWITCH_DEFENSIVE,TROCA,empoleon,137
ATTACK_PREDICTIVE,GOLPE,fly,137
SWITCH_DEFENSIVE,TROCA,granbull,137
SWITCH_OFFENSIVE,TROCA,tangrowth,137
SWITCH_DEFENSIVE,TROCA,komala,136
SWITCH_OFFENSIVE,TROCA,zebstrika,134
SWITCH_OFFENSIVE,TROCA,hippowdon,133
SWITCH_OFFENSIVE,TROCA,aggron,131
ATTACK_STRONG,GOLPE,bodyslam,131
SWITCH_OFFENSIVE,TROCA,buzzwole,131
SWITCH_DEFENSIVE,TROCA,drifblim,131
SWITCH_DEFENSIVE,TROCA,hippowdon,131
SWITCH_OFFENSIVE,TROCA,absol,130
ATTACK_PREDICTIVE,GOLPE,leafblade,130
SWITCH_DEFENSIVE,TROCA,sableye,129
ATTACK_STRONG,GOLPE,rockslide,127
SWITCH_DEFENSIVE,TROCA,abomasnow,127
SWITCH_OFFENSIVE,TROCA,rampardos,127
ATTACK_PREDICTIVE,GOLPE,eruption,126
BUFF,GOLPE,growth,126
SWITCH_OFFENSIVE,TROCA,stakataka,125
ATTACK_STRONG,GOLPE,darkestlariat,125
SWITCH_OFFENSIVE,TROCA,typhlosion,125
SWITCH_OFFENSIVE,TROCA,xurkitree,125
SWITCH_DEFENSIVE,TROCA,aron,123
ATTACK_PREDICTIVE,GOLPE,waterfall,123
SWITCH_DEFENSIVE,TROCA,ditto,123
SWITCH_OFFENSIVE,TROCA,ninetalesalola,123
SWITCH_DEFENSIVE,TROCA,tangrowth,123
ATTACK_PREDICTIVE,GOLPE,bugbite,122
SWITCH_DEFENSIVE,TROCA,dubwool,122
SWITCH_DEFENSIVE,TROCA,weavile,122
ATTACK_PREDICTIVE,GOLPE,rockblast,120
SWITCH_DEFENSIVE,TROCA,regirock,119
ATTACK_PREDICTIVE,GOLPE,airslash,119
ATTACK_STRONG,GOLPE,fierydance,119
SWITCH_DEFENSIVE,TROCA,sandslash,118
ATTACK_PREDICTIVE,GOLPE,thunderpunch,118
SWITCH_OFFENSIVE,TROCA,lopunnymega,118
STATUS,GOLPE,magiccoat,118
SWITCH_OFFENSIVE,TROCA,yanmega,117
SWITCH_DEFENSIVE,TROCA,blacephalon,117
HAZARD,GOLPE,thunderwave,116
SWITCH_OFFENSIVE,TROCA,azelf,116
SWITCH_DEFENSIVE,TROCA,mukalola,116
ATTACK_STRONG,GOLPE,expandingforce,116
SWITCH_OFFENSIVE,TROCA,greattusk,116
ATTACK_STRONG,GOLPE,aquajet,115
SWITCH_DEFENSIVE,TROCA,golem,115
SWITCH_OFFENSIVE,TROCA,altaria,115
SWITCH_OFFENSIVE,TROCA,tapufini,114
SWITCH_DEFENSIVE,TROCA,primarina,114
ATTACK_STRONG,GOLPE,plasmafists,114
SWITCH_DEFENSIVE,TROCA,banette,114
SWITCH_OFFENSIVE,TROCA,kingdra,113
STATUS,GOLPE,earthquake,113
ATTACK_PREDICTIVE,GOLPE,explosion,113
SWITCH_DEFENSIVE,TROCA,exploud,113
SWITCH_DEFENSIVE,TROCA,azumarill,113
ATTACK_STRONG,GOLPE,jumpkick,113
SWITCH_OFFENSIVE,TROCA,azumarill,112
SWITCH_OFFENSIVE,TROCA,dragonite,112
SWITCH_DEFENSIVE,TROCA,piloswine,112
SWITCH_OFFENSIVE,TROCA,sandslashalola,111
SWITCH_DEFENSIVE,TROCA,bisharp,111
SWITCH_DEFENSIVE,TROCA,salamence,110
ATTACK_PREDICTIVE,GOLPE,flipturn,110
SWITCH_DEFENSIVE,TROCA,tyranitarmega,109
ATTACK_PREDICTIVE,GOLPE,headlongrush,109
SWITCH_OFFENSIVE,TROCA,slaking,109
SWITCH_DEFENSIVE,TROCA,scizormega,109
SWITCH_DEFENSIVE,TROCA,audino,108
SWITCH_OFFENSIVE,TROCA,tyranitarmega,108
SWITCH_DEFENSIVE,TROCA,buzzwole,108
SWITCH_DEFENSIVE,TROCA,mawilemega,107
SWITCH_DEFENSIVE,TROCA,xurkitree,107
SWITCH_DEFENSIVE,TROCA,articuno,107
SWITCH_OFFENSIVE,TROCA,meganium,107
ATTACK_STRONG,GOLPE,hyperspacefury,107
SWITCH_DEFENSIVE,TROCA,starmie,107
ATTACK_STRONG,GOLPE,icespinner,106
ATTACK_STRONG,GOLPE,tripleaxel,106
SWITCH_DEFENSIVE,TROCA,florges,105
STATUS,GOLPE,seismictoss,105
SWITCH_DEFENSIVE,TROCA,skorupi,104
SWITCH_DEFENSIVE,TROCA,infernape,104
SWITCH_DEFENSIVE,TROCA,omastar,104
SWITCH_OFFENSIVE,TROCA,aegislash,104
DEBUFF,GOLPE,memento,104
ATTACK_PREDICTIVE,GOLPE,surf,103
ATTACK_STRONG,GOLPE,headsmash,102
ATTACK_PREDICTIVE,GOLPE,iciclespear,102
SWITCH_DEFENSIVE,TROCA,ledian,101
ATTACK_STRONG,GOLPE,watershuriken,101
SWITCH_DEFENSIVE,TROCA,moltres,101
SWITCH_OFFENSIVE,TROCA,swampertmega,101
STATUS,GOLPE,healingwish,101
STATUS,GOLPE,bodypress,100
SWITCH_OFFENSIVE,TROCA,gastrodon,100
SWITCH_DEFENSIVE,TROCA,miltank,100
ATTACK_STRONG,GOLPE,psychicnoise,100
ATTACK_STRONG,GOLPE,boomburst,100
SWITCH_DEFENSIVE,TROCA,camerupt,100
SWITCH_DEFENSIVE,TROCA,kingdra,99
SWITCH_OFFENSIVE,TROCA,venusaurmega,98
SWITCH_DEFENSIVE,TROCA,azelf,98
SWITCH_OFFENSIVE,TROCA,exploud,98
SWITCH_OFFENSIVE,TROCA,zeraora,98
ATTACK_STRONG,GOLPE,pinmissile,97
SWITCH_DEFENSIVE,TROCA,ragingbolt,97
SWITCH_DEFENSIVE,TROCA,lucario,96
SWITCH_OFFENSIVE,TROCA,indeedeef,96
ATTACK_TECH,GOLPE,discharge,96
SWITCH_OFFENSIVE,TROCA,abomasnowmega,96
SWITCH_DEFENSIVE,TROCA,gyarados,96
SWITCH_DEFENSIVE,TROCA,kingambit,96
SWITCH_DEFENSIVE,TROCA,greattusk,96
SWITCH_OFFENSIVE,TROCA,sirfetchd,96
SWITCH_DEFENSIVE,TROCA,magneton,96
ATTACK_STRONG,GOLPE,phantomforce,96
ATTACK_PREDICTIVE,GOLPE,boltbeak,96
SWITCH_OFFENSIVE,TROCA,hoopaunbound,94
SWITCH_DEFENSIVE,TROCA,toxicroak,94
SWITCH_DEFENSIVE,TROCA,slaking,94
SWITCH_OFFENSIVE,TROCA,lopunny,93
SWITCH_OFFENSIVE,TROCA,hypno,93
SWITCH_OFFENSIVE,TROCA,banette,93
SWITCH_DEFENSIVE,TROCA,latiasmega,92
ATTACK_PREDICTIVE,GOLPE,clangingscales,92
SWITCH_DEFENSIVE,TROCA,whiscash,92
SWITCH_DEFENSIVE,TROCA,lopunnymega,92
SWITCH_DEFENSIVE,TROCA,ursaluna,92
SWITCH_OFFENSIVE,TROCA,starmie,92
ATTACK_PREDICTIVE,GOLPE,photongeyser,91
ATTACK_STRONG,GOLPE,signalbeam,91
CLEAN_HAZARD,GOLPE,earthquake,91
SWITCH_OFFENSIVE,TROCA,sandslash,90
SWITCH_OFFENSIVE,TROCA,dodrio,90
SWITCH_OFFENSIVE,TROCA,medicham,90
FIELD_CONTROL,GOLPE,teleport,89
SWITCH_DEFENSIVE,TROCA,drampa,89
ATTACK_STRONG,GOLPE,airslash,89
SWITCH_OFFENSIVE,TROCA,politoed,89
SWITCH_DEFENSIVE,TROCA,meganium,88
SWITCH_OFFENSIVE,TROCA,lucario,88
SWITCH_OFFENSIVE,TROCA,seismitoad,88
SWITCH_OFFENSIVE,TROCA,alakazam,88
SWITCH_OFFENSIVE,TROCA,regirock,88
SWITCH_DEFENSIVE,TROCA,gengar,88
SWITCH_DEFENSIVE,TROCA,walrein,88
SWITCH_OFFENSIVE,TROCA,ledian,88
ATTACK_PREDICTIVE,GOLPE,smackdown,87
SWITCH_OFFENSIVE,TROCA,toxicroak,87
SWITCH_OFFENSIVE,TROCA,staraptor,87
SWITCH_OFFENSIVE,TROCA,manaphy,87
BARRIER,GOLPE,reflect,86
SWITCH_OFFENSIVE,TROCA,granbull,86
ATTACK_STRONG,GOLPE,highjumpkick,86
ATTACK_PREDICTIVE,GOLPE,mysticalfire,86
SWITCH_OFFENSIVE,TROCA,omastar,86
STATUS,GOLPE,bellydrum,86
SWITCH_OFFENSIVE,TROCA,ragingbolt,86
SWITCH_OFFENSIVE,TROCA,komala,86
HEAL,GOLPE,defog,86
SWITCH_OFFENSIVE,TROCA,mawilemega,85
SWITCH_OFFENSIVE,TROCA,ditto,85
ATTACK_PREDICTIVE,GOLPE,machpunch,84
SWITCH_DEFENSIVE,TROCA,lopunny,84
HAZARD,GOLPE,bodypress,84
SWITCH_OFFENSIVE,TROCA,walrein,84
SWITCH_OFFENSIVE,TROCA,duraludon,83
SWITCH_OFFENSIVE,TROCA,sableye,83
ATTACK_PREDICTIVE,GOLPE,hornleech,83
SWITCH_DEFENSIVE,TROCA,hoopaunbound,83
SWITCH_OFFENSIVE,TROCA,zapdosgalar,83
HEAL,GOLPE,earthquake,83
SWITCH_OFFENSIVE,TROCA,audino,82
SWITCH_OFFENSIVE,TROCA,mukalola,82
SWITCH_OFFENSIVE,TROCA,moltres,82
BUFF,GOLPE,clangoroussoul,82
SWITCH_OFFENSIVE,TROCA,sawsbuckwinter,82
HEAL,GOLPE,stealthrock,82
SWITCH_OFFENSIVE,TROCA,drampa,81
SWITCH_DEFENSIVE,TROCA,typhlosion,81
SWITCH_OFFENSIVE,TROCA,golem,80
ATTACK_STRONG,GOLPE,recharge,80
SWITCH_OFFENSIVE,TROCA,whiscash,80
SWITCH_OFFENSIVE,TROCA,pidgeot,79
ATTACK_STRONG,GOLPE,hypervoice,79
ATTACK_PREDICTIVE,GOLPE,poisonjab,79
SWITCH_OFFENSIVE,TROCA,ursaluna,79
SWITCH_OFFENSIVE,TROCA,salamence,78
SWITCH_DEFENSIVE,TROCA,aerodactyl,78
PHAZE,GOLPE,earthquake,78
SWITCH_DEFENSIVE,TROCA,zarude,77
SWITCH_DEFENSIVE,TROCA,indeedeef,77
SWITCH_OFFENSIVE,TROCA,camerupt,77
ATTACK_STRONG,GOLPE,meteormash,77
FIELD_CONTROL,GOLPE,icebeam,77
SWITCH_DEFENSIVE,TROCA,emboar,76
SWITCH_DEFENSIVE,TROCA,sawsbuckwinter,76
SWITCH_DEFENSIVE,TROCA,yanmega,75
SWITCH_DEFENSIVE,TROCA,araquanid,75
ATTACK_TECH,GOLPE,leechlife,75
SWITCH_OFFENSIVE,TROCA,aerodactyl,75
SWITCH_OFFENSIVE,TROCA,magneton,75
HAZARD,GOLPE,toxic,75
ATTACK_STRONG,GOLPE,forcepalm,74
ATTACK_STRONG,GOLPE,icefang,74
ATTACK_PREDICTIVE,GOLPE,grassyglide,74
SWITCH_DEFENSIVE,TROCA,swampertmega,73
SWITCH_DEFENSIVE,TROCA,politoed,73
ATTACK_PREDICTIVE,GOLPE,leechlife,73
SWITCH_DEFENSIVE,TROCA,sandslashalola,73
ATTACK_STRONG,GOLPE,smartstrike,72
SWITCH_OFFENSIVE,TROCA,emboar,72
SWITCH_DEFENSIVE,TROCA,rampardos,72
SWITCH_OFFENSIVE,TROCA,oinkologne,72
SWITCH_OFFENSIVE,TROCA,cursola,72
SWITCH_DEFENSIVE,TROCA,ninetales,71
SWITCH_OFFENSIVE,TROCA,nidoking,71
ATTACK_PREDICTIVE,GOLPE,fakeout,71
ATTACK_PREDICTIVE,GOLPE,zenheadbutt,71
SWITCH_OFFENSIVE,TROCA,araquanid,71
SWITCH_OFFENSIVE,TROCA,florges,70
STATUS,GOLPE,knockoff,70
SWITCH_DEFENSIVE,TROCA,abomasnowmega,70
HAZARD,GOLPE,earthquake,70
PROTECT,GOLPE,stealthrock,70
SWITCH_DEFENSIVE,TROCA,seismitoad,69
SWITCH_DEFENSIVE,TROCA,pinsir,68
SWITCH_OFFENSIVE,TROCA,primarina,68
SWITCH_OFFENSIVE,TROCA,mantine,68
SWITCH_OFFENSIVE,TROCA,articuno,68
ATTACK_PREDICTIVE,GOLPE,dragonpulse,68
SWITCH_DEFENSIVE,TROCA,heracross,68
SWITCH_OFFENSIVE,TROCA,latiasmega,67
SWITCH_OFFENSIVE,TROCA,piloswine,67
SWITCH_OFFENSIVE,TROCA,scizormega,67
SWITCH_OFFENSIVE,TROCA,pinsir,67
SWITCH_DEFENSIVE,TROCA,poliwrath,66
SWITCH_DEFENSIVE,TROCA,duraludon,66
STATUS,GOLPE,moonblast,66
ATTACK_PREDICTIVE,GOLPE,woodhammer,66
ATTACK_STRONG,GOLPE,gigaimpact,66
SWITCH_OFFENSIVE,TROCA,zarude,65
SWITCH_DEFENSIVE,TROCA,zebstrika,65
SWITCH_OFFENSIVE,TROCA,charizardmegay,64
SWITCH_DEFENSIVE,TROCA,medicham,64
BUFF,GOLPE,shellsmash,63
SWITCH_OFFENSIVE,TROCA,skorupi,63
SWITCH_DEFENSIVE,TROCA,nidoking,62
SWITCH_OFFENSIVE,TROCA,gyarados,62
SWITCH_OFFENSIVE,TROCA,delcatty,62
SWITCH_OFFENSIVE,TROCA,aron,61
SWITCH_DEFENSIVE,TROCA,zapdosgalar,61
SWITCH_DEFENSIVE,TROCA,blaziken,61
SWITCH_DEFENSIVE,TROCA,venusaurmega,61
SWITCH_DEFENSIVE,TROCA,aggronmega,60
SWITCH_OFFENSIVE,TROCA,drifblim,60
SWITCH_DEFENSIVE,TROCA,zeraora,60
SWITCH_DEFENSIVE,TROCA,sirfetchd,60
STATUS,GOLPE,stunspore,60
SWITCH_OFFENSIVE,TROCA,gallade,60
SWITCH_OFFENSIVE,TROCA,heracross,60
BUFF,GOLPE,hex,59
ATTACK_STRONG,GOLPE,dualwingbeat,59
SWITCH_DEFENSIVE,TROCA,manaphy,58
ATTACK_STRONG,GOLPE,hiddenpowerground,58
HAZARD,GOLPE,stickyweb,58
SWITCH_DEFENSIVE,TROCA,pidgeot,58
ATTACK_PREDICTIVE,GOLPE,malignantchain,58
SWITCH_OFFENSIVE,TROCA,poliwrath,57
ATTACK_PREDICTIVE,GOLPE,jumpkick,57
ATTACK_PREDICTIVE,GOLPE,highjumpkick,56
ATTACK_STRONG,GOLPE,leechlife,56
SWITCH_OFFENSIVE,TROCA,empoleon,56
ATTACK_PREDICTIVE,GOLPE,pinmissile,56
STATUS,GOLPE,liquidation,56
ATTACK_STRONG,GOLPE,pursuit,56
ATTACK_STRONG,GOLPE,storedpower,56
SWITCH_DEFENSIVE,TROCA,altariamega,55
ATTACK_STRONG,GOLPE,rocktomb,55
SWITCH_DEFENSIVE,TROCA,absol,55
SWITCH_DEFENSIVE,TROCA,ribombee,54
ATTACK_PREDICTIVE,GOLPE,bravebird,54
SWITCH_OFFENSIVE,TROCA,ribombee,54
STATUS,GOLPE,defog,54
SWITCH_OFFENSIVE,TROCA,miltank,53
SWITCH_DEFENSIVE,TROCA,hatterene,51
ATTACK_STRONG,GOLPE,thief,51
ATTACK_PREDICTIVE,GOLPE,rockslide,50
SWITCH_OFFENSIVE,TROCA,kingambit,50
SWITCH_OFFENSIVE,TROCA,hatterene,50
BUFF,GOLPE,liquidation,49
SWITCH_OFFENSIVE,TROCA,blaziken,49
SWITCH_OFFENSIVE,TROCA,bisharp,49
PHAZE,GOLPE,roar,48
STATUS,GOLPE,foulplay,48
SWITCH_OFFENSIVE,TROCA,ninetales,47
SWITCH_DEFENSIVE,TROCA,dodrio,47
SWITCH_DEFENSIVE,TROCA,audinomega,47
SWITCH_DEFENSIVE,TROCA,cursola,47
ATTACK_PREDICTIVE,GOLPE,phantomforce,46
SWITCH_DEFENSIVE,TROCA,staraptor,46
ATTACK_PREDICTIVE,GOLPE,meteormash,46
ATTACK_PREDICTIVE,GOLPE,facade,46
SWITCH_DEFENSIVE,TROCA,steelixmega,46
ATTACK_STRONG,GOLPE,flamecharge,46
SWITCH_DEFENSIVE,TROCA,sableyemega,45
SWITCH_OFFENSIVE,TROCA,altariamega,45
ATTACK_PREDICTIVE,GOLPE,triattack,45
STATUS,GOLPE,powerwhip,45
HAZARD,GOLPE,scald,44
ATTACK_TECH,GOLPE,fakeout,44
BUFF,GOLPE,tailglow,44
SWITCH_DEFENSIVE,TROCA,gallade,44
ATTACK_PREDICTIVE,GOLPE,gigaimpact,44
HAZARD,GOLPE,whirlwind,44
BUFF,GOLPE,icebeam,43
SWITCH_OFFENSIVE,TROCA,audinomega,43
BUFF,GOLPE,psyshock,43
ATTACK_PREDICTIVE,GOLPE,headsmash,43
ATTACK_STRONG,GOLPE,headlongrush,42
ATTACK_STRONG,GOLPE,hiddenpowerelectric,42
FIELD_CONTROL,GOLPE,scald,41
HAZARD,GOLPE,knockoff,40
HAZARD,GOLPE,wish,40
ATTACK_PREDICTIVE,GOLPE,quickattack,39
SWITCH_OFFENSIVE,TROCA,charizardmegax,39
ATTACK_STRONG,GOLPE,hyperbeam,39
SWITCH_DEFENSIVE,TROCA,alakazam,39
ATTACK_PREDICTIVE,GOLPE,outrage,39
SWITCH_OFFENSIVE,TROCA,houndoommega,37
ATTACK_PREDICTIVE,GOLPE,expandingforce,37
ATTACK_PREDICTIVE,GOLPE,gunkshot,37
BUFF,GOLPE,moonblast,37
SWITCH_OFFENSIVE,TROCA,latiosmega,36
BUFF,GOLPE,wavecrash,36
ATTACK_PREDICTIVE,GOLPE,discharge,36
SWITCH_DEFENSIVE,TROCA,barraskewda,36
ATTACK_PREDICTIVE,GOLPE,risingvoltage,36
PROTECT,GOLPE,toxic,36
SWITCH_DEFENSIVE,TROCA,latiosmega,35
SWITCH_OFFENSIVE,TROCA,sableyemega,35
ATTACK_PREDICTIVE,GOLPE,forcepalm,35
SWITCH_OFFENSIVE,TROCA,aggronmega,35
FIELD_CONTROL,GOLPE,rocktomb,35
ATTACK_PREDICTIVE,GOLPE,shadowclaw,34
STATUS,GOLPE,icebeam,34
STATUS,GOLPE,bodyslam,34
HAZARD,GOLPE,teleport,33
ATTACK_STRONG,GOLPE,thrash,33
ATTACK_PREDICTIVE,GOLPE,pursuit,33
HAZARD,GOLPE,leechseed,33
STATUS,GOLPE,sludgebomb,32
ATTACK_STRONG,GOLPE,psychicfangs,32
ATTACK_PREDICTIVE,GOLPE,darkestlariat,31
STATUS,GOLPE,copycat,31
STATUS,GOLPE,gigadrain,31
ATTACK_STRONG,GOLPE,machpunch,31
SWITCH_DEFENSIVE,TROCA,charizardmegay,31
ATTACK_PREDICTIVE,GOLPE,sludgewave,30
ATTACK_PREDICTIVE,GOLPE,bodyslam,30
FIELD_CONTROL,GOLPE,sandstorm,30
ATTACK_PREDICTIVE,GOLPE,aquajet,30
ATTACK_PREDICTIVE,GOLPE,thief,30
ATTACK_STRONG,GOLPE,stompingtantrum,30
ATTACK_PREDICTIVE,GOLPE,doubleironbash,30
FIELD_CONTROL,GOLPE,triattack,30
STATUS,GOLPE,ironhead,30
BUFF,GOLPE,chargebeam,30
HAZARD,GOLPE,seismictoss,30
PROTECT,GOLPE,earthquake,30
STATUS,GOLPE,dragonpulse,30
STATUS,GOLPE,heavyslam,29
STATUS,GOLPE,wavecrash,28
ATTACK_PREDICTIVE,GOLPE,fierydance,28
ATTACK_PREDICTIVE,GOLPE,dualwingbeat,27
STATUS,GOLPE,scald,27
BUFF,GOLPE,earthquake,26
ATTACK_PREDICTIVE,GOLPE,bulletseed,26
HAZARD,GOLPE,moonblast,26
HAZARD,GOLPE,softboiled,26
SWITCH_DEFENSIVE,TROCA,charizardmegax,25
SWITCH_OFFENSIVE,TROCA,cameruptmega,25
CLEAN_HAZARD,GOLPE,scorchingsands,25
ATTACK_PREDICTIVE,GOLPE,wildcharge,24
STATUS,GOLPE,destinybond,24
STATUS,GOLPE,lavaplume,23
STATUS,GOLPE,magmastorm,23
ATTACK_PREDICTIVE,GOLPE,psychicnoise,22
ATTACK_PREDICTIVE,GOLPE,hyperspacefury,22
SWITCH_OFFENSIVE,TROCA,pidgeotmega,22
ATTACK_PREDICTIVE,GOLPE,irontail,22
SWITCH_DEFENSIVE,TROCA,pidgeotmega,21
ATTACK_PREDICTIVE,GOLPE,smartstrike,21
SWITCH_OFFENSIVE,TROCA,steelixmega,20
STATUS,GOLPE,rocktomb,20
STATUS,GOLPE,hydropump,20
HEAL_STATUS,GOLPE,seismictoss,20
HAZARD,GOLPE,powerwhip,20
ATTACK_STRONG,GOLPE,firstimpression,19
ATTACK_PREDICTIVE,GOLPE,focuspunch,19
ATTACK_PREDICTIVE,GOLPE,burningjealousy,19
ATTACK_PREDICTIVE,GOLPE,partingshot,19
STATUS,GOLPE,skillswap,18
BUFF,GOLPE,playrough,18
ATTACK_STRONG,GOLPE,irontail,18
STATUS,GOLPE,hex,18
ATTACK_PREDICTIVE,GOLPE,lavaplume,18
STAT_CLEAN,GOLPE,sludgebomb,18
SWITCH_DEFENSIVE,TROCA,cameruptmega,17
ATTACK_PREDICTIVE,GOLPE,icefang,17
SWITCH_DEFENSIVE,TROCA,aerodactylmega,17
ATTACK_STRONG,GOLPE,extremespeed,17
ATTACK_STRONG,GOLPE,dragontail,17
HAZARD,GOLPE,earthpower,17
SWITCH_DEFENSIVE,TROCA,gyaradosmega,16
BUFF,GOLPE,signalbeam,16
SWITCH_OFFENSIVE,TROCA,gyaradosmega,16
ATTACK_STRONG,GOLPE,poisonfang,16
SWITCH_OFFENSIVE,TROCA,garchompmega,16
PROTECT,GOLPE,wish,16
BUFF,GOLPE,earthpower,15
SWITCH_OFFENSIVE,TROCA,aerodactylmega,15
FIELD_CONTROL,GOLPE,psychicnoise,15
BUFF,GOLPE,flamethrower,14
FIELD_CONTROL,GOLPE,psychic,14
HAZARD,GOLPE,ironhead,14
SWITCH_OFFENSIVE,TROCA,heracrossmega,14
STATUS,GOLPE,softboiled,14
STATUS,GOLPE,stealthrock,14
ATTACK_PREDICTIVE,GOLPE,petalblizzard,13
STATUS,GOLPE,dazzlinggleam,13
STATUS,GOLPE,futuresight,13
FIELD_CONTROL,GOLPE,stoneedge,13
HEAL,GOLPE,seismictoss,13
ATTACK_PREDICTIVE,GOLPE,stompingtantrum,13
SWITCH_DEFENSIVE,TROCA,houndoommega,13
FIELD_CONTROL,GOLPE,shadowball,13
STATUS,GOLPE,roost,13
HAZARD,GOLPE,magmastorm,13
ATTACK_PREDICTIVE,GOLPE,shadowsneak,13
ATTACK_PREDICTIVE,GOLPE,icespinner,13
CLEAN_HAZARD,GOLPE,irondefense,13
FIELD_CONTROL,GOLPE,gyroball,12
CLEAN_HAZARD,GOLPE,toxic,12
ATTACK_STRONG,GOLPE,shadowsneak,12
ATTACK_PREDICTIVE,GOLPE,plasmafists,12
HAZARD,GOLPE,stoneedge,12
HAZARD,GOLPE,heavyslam,12
HAZARD,GOLPE,taunt,12
STATUS,GOLPE,flamethrower,11
STATUS,GOLPE,highhorsepower,11
CLEAN_HAZARD,GOLPE,roost,11
ATTACK_PREDICTIVE,GOLPE,chargebeam,10
BUFF,GOLPE,photongeyser,10
BUFF,GOLPE,iciclespear,10
FIELD_CONTROL,GOLPE,thunderbolt,10
SWITCH_DEFENSIVE,TROCA,garchompmega,10
STATUS,GOLPE,boomburst,10
HAZARD,GOLPE,recover,9
HAZARD,GOLPE,flamethrower,9
BUFF,GOLPE,focusblast,9
STATUS,GOLPE,iceshard,9
SWITCH_OFFENSIVE,TROCA,medichammega,9
SWITCH_OFFENSIVE,TROCA,pinsirmega,9
ATTACK_PREDICTIVE,GOLPE,firstimpression,9
STATUS,GOLPE,suckerpunch,9
STATUS,GOLPE,thief,9
STATUS,GOLPE,freezedry,8
ATTACK_PREDICTIVE,GOLPE,dragontail,8
ATTACK_STRONG,GOLPE,thunderclap,8
BUFF,GOLPE,frustration,8
STATUS,GOLPE,earthpower,8
HEAL,GOLPE,sludgebomb,8
ATTACK_STRONG,GOLPE,counter,8
PHAZE,GOLPE,stealthrock,8
SWITCH_DEFENSIVE,TROCA,medichammega,7
ATTACK_PREDICTIVE,GOLPE,hiddenpowerelectric,7
STATUS,GOLPE,smackdown,7
BUFF,GOLPE,drainpunch,7
STATUS,GOLPE,recover,7
ATTACK_PREDICTIVE,GOLPE,boomburst,7
HEAL_STATUS,GOLPE,wish,7
BUFF,GOLPE,facade,7
SWITCH_DEFENSIVE,TROCA,gallademega,6
HAZARD,GOLPE,lavaplume,6
STATUS,GOLPE,leafstorm,6
BUFF,GOLPE,clangingscales,6
ATTACK_PREDICTIVE,GOLPE,watershuriken,6
BUFF,GOLPE,gigadrain,6
BUFF,GOLPE,firepunch,6
STATUS,GOLPE,lastresort,6
SWITCH_DEFENSIVE,TROCA,pinsirmega,6
ATTACK_PREDICTIVE,GOLPE,rapidspin,6
ATTACK_STRONG,GOLPE,surgingstrikes,6
BUFF,GOLPE,scald,6
STATUS,GOLPE,psychicnoise,6
STATUS,GOLPE,phantomforce,6
ATTACK_STRONG,GOLPE,rapidspin,6
SWITCH_DEFENSIVE,TROCA,heracrossmega,6
STATUS,GOLPE,uturn,6
BUFF,GOLPE,storedpower,6
HAZARD,GOLPE,sunnyday,6
SWITCH_DEFENSIVE,TROCA,absolmega,5
BUFF,GOLPE,grassyglide,5
SWITCH_OFFENSIVE,TROCA,banettemega,5
FIELD_CONTROL,GOLPE,focusblast,5
ATTACK_PREDICTIVE,GOLPE,clearsmog,5
ATTACK_PREDICTIVE,GOLPE,hypervoice,5
HAZARD,GOLPE,dragontail,5
SWITCH_DEFENSIVE,TROCA,banettemega,5
ATTACK_PREDICTIVE,GOLPE,psychicfangs,5
HAZARD,GOLPE,icebeam,5
BUFF,GOLPE,closecombat,5
HAZARD,GOLPE,iceshard,5
BUFF,GOLPE,suckerpunch,5
HEAL,GOLPE,shadowball,5
STATUS,GOLPE,transform,5
STATUS,GOLPE,flashcannon,4
ATTACK_PREDICTIVE,GOLPE,freezedry,4
SWITCH_OFFENSIVE,TROCA,gallademega,4
HAZARD,GOLPE,rocktomb,4
STATUS,GOLPE,bulletseed,4
ATTACK_PREDICTIVE,GOLPE,thrash,4
STATUS,GOLPE,voltswitch,4
STATUS,GOLPE,hiddenpowerfire,4
STATUS,GOLPE,icepunch,4
HAZARD,GOLPE,shadowball,4
FIELD_CONTROL,GOLPE,dazzlinggleam,4
STATUS,GOLPE,dragontail,4
BUFF,GOLPE,ironhead,4
HAZARD,GOLPE,crunch,4
BUFF,GOLPE,icepunch,4
BUFF,GOLPE,thunder,4
ATTACK_PREDICTIVE,GOLPE,thunderclap,4
ATTACK_STRONG,GOLPE,hiddenpower,4
HAZARD,GOLPE,poisonjab,4
PROTECT,GOLPE,recover,4
STATUS,GOLPE,fakeout,4
HEAL,GOLPE,toxic,4
ATTACK_PREDICTIVE,GOLPE,flamecharge,4
STATUS,GOLPE,closecombat,3
BUFF,GOLPE,darkestlariat,3
HAZARD,GOLPE,highhorsepower,3
SWITCH_OFFENSIVE,TROCA,absolmega,3
BUFF,GOLPE,stoneedge,3
STATUS,GOLPE,shadowball,3
DISRUPTION,GOLPE,earthquake,3
STATUS,GOLPE,thunderbolt,3
BUFF,GOLPE,fly,3
HAZARD,GOLPE,liquidation,3
STATUS,GOLPE,psychic,3
HAZARD,GOLPE,uturn,3
ATTACK_STRONG,GOLPE,clearsmog,3
BUFF,GOLPE,iceshard,3
FIELD_CONTROL,GOLPE,heatcrash,3
STATUS,GOLPE,clearsmog,3
BUFF,GOLPE,hydropump,3
BUFF,GOLPE,roost,3
ATTACK_PREDICTIVE,GOLPE,extremespeed,2
BUFF,GOLPE,bugbite,2
BUFF,GOLPE,darkpulse,2
BUFF,GOLPE,pursuit,2
HAZARD,GOLPE,hydropump,2
HAZARD,GOLPE,clangingscales,2
STATUS,GOLPE,blizzard,2
HEAL,GOLPE,futuresight,2
BUFF,GOLPE,bulletseed,2
STATUS,GOLPE,waterfall,2
ATTACK_PREDICTIVE,GOLPE,hyperbeam,2
HEAL,GOLPE,wish,2
BUFF,GOLPE,headlongrush,2
HAZARD,GOLPE,saltcure,2
STATUS,GOLPE,leechlife,2
BUFF,GOLPE,bulletpunch,2
STATUS,GOLPE,spikes,2
STATUS,GOLPE,drainpunch,2
CLEAN_HAZARD,GOLPE,psychic,2
STATUS,GOLPE,acrobatics,2
HEAL,GOLPE,calmmind,2
HAZARD,GOLPE,photongeyser,2
BUFF,GOLPE,spikes,2
BUFF,GOLPE,aurasphere,1
STATUS,GOLPE,burningjealousy,1
HAZARD,GOLPE,eruption,1
BUFF,GOLPE,rockblast,1
PROTECT,GOLPE,swordsdance,1
BUFF,GOLPE,bugbuzz,1
STATUS,GOLPE,darkpulse,1
STATUS,GOLPE,pinmissile,1
DISRUPTION,GOLPE,stealthrock,1
HAZARD,GOLPE,outrage,1
ATTACK_STRONG,GOLPE,skyattack,1
BUFF,GOLPE,uturn,1
ATTACK_STRONG,GOLPE,shadowforce,1
DEBUFF,GOLPE,psychic,1
BUFF,GOLPE,machpunch,1
ATTACK_STRONG,GOLPE,flipturn,1
BUFF,GOLPE,dragonclaw,1
BUFF,GOLPE,flareblitz,1
ATTACK_PREDICTIVE,GOLPE,hiddenpower,1
HAZARD,GOLPE,leechlife,1
STATUS,GOLPE,machpunch,1
STATUS,GOLPE,overheat,1
BUFF,GOLPE,flashcannon,1
BUFF,GOLPE,waterfall,1
BUFF,GOLPE,powerwhip,1
STATUS,GOLPE,mysticalfire,1
BUFF,GOLPE,hornleech,1
HEAL,GOLPE,malignantchain,1
BUFF,GOLPE,sludgebomb,1
ATTACK_PREDICTIVE,GOLPE,poisonfang,1
BUFF,GOLPE,petalblizzard,1
HAZARD,GOLPE,darkpulse,1
BUFF,GOLPE,heavyslam,1
HAZARD,GOLPE,iciclecrash,1
STATUS,GOLPE,darkestlariat,1
ATTACK_TECH,GOLPE,stealthrock,1
