Acao,Decisoes,Percentual
ATTACK_STRONG,92977,28.581924377497696
SWITCH_DEFENSIVE,42874,13.179833999385183
SWITCH_OFFENSIVE,37627,11.566861358745774
ATTACK_PREDICTIVE,34483,10.60036889025515
HEAL,26031,8.002151859821703
ATTACK_TECH,22657,6.964955425760836
ATTACK_PIVOT,15402,4.734706424838611
STATUS,13064,4.015985244389794
STAT_CLEAN,7529,2.3144789425146017
BUFF,7321,2.250537964955426
HAZARD,5573,1.71318782662158
ATTACK_STRONG_MEC,4453,1.3688902551490931
PROTECT,4098,1.259760221334153
ATTACK_PREDICTIVE_MEC,2075,0.6378727328619735
DISRUPTION,2042,0.6277282508453735
FIELD_CONTROL,1801,0.5536427912695973
CLEAN_HAZARD,1734,0.5330464186904396
BUFF_MEC,962,0.29572702121118966
PHAZE,498,0.15308945588687364
BARRIER,448,0.13771902858899476
HEAL_MEC,363,0.11158930218260067
HEAL_STATUS,301,0.09252997233323086
ATTACK_TECH_MEC,295,0.0906855210574854
STATUS_MEC,209,0.06424838610513373
ATTACK_PIVOT_MEC,187,0.05748539809406702
HAZARD_MEC,115,0.03535198278512142
DEBUFF,105,0.03227789732554565
PROTECT_MEC,35,0.010759299108515216
FIELD_CONTROL_MEC,22,0.006762988011066708
HEAL_STATUS_MEC,12,0.0036889025514909315
DISRUPTION_MEC,5,0.001537042729787888
CLEAN_HAZARD_MEC,2,0.0006148170919151552
