Batalha,Turno,Meu,Meu_Papel,Meu_HP,Adversario,Papel_Adv,HP_Adv,Matchup,Decisao,HP_Equipa_Meu,HP_Equipa_Adv
battle-gen9nationaldex-10901678,77,slowkinggalar,TANK,0.65,heatran,TANK,0.78,VOLATILE,futuresight,0.65,0.98
battle-gen9nationaldex-10901678,78,slowkinggalar,TANK,0.65,corviknight,TANK,0.20,OFFENSIVE_ADV,futuresight,0.65,0.98
battle-gen9nationaldex-10901678,79,slowkinggalar,TANK,0.51,heatran,TANK,0.69,VOLATILE,futuresight,0.51,0.89
battle-gen9nationaldex-10901678,80,slowkinggalar,TANK,0.51,corviknight,TANK,0.20,OFFENSIVE_ADV,futuresight,0.51,0.89
battle-gen9nationaldex-10901678,81,slowkinggalar,TANK,0.36,heatran,TANK,0.75,VOLATILE,futuresight,0.36,0.95
battle-gen9nationaldex-10901678,82,slowkinggalar,TANK,0.36,heatran,TANK,0.75,VOLATILE,futuresight,0.36,0.75
battle-gen9nationaldex-10901678,83,slowkinggalar,TANK,0.36,heatran,TANK,0.81,VOLATILE,futuresight,0.36,0.81
battle-gen9nationaldex-10901678,84,slowkinggalar,TANK,0.05,heatran,TANK,0.87,VOLATILE,futuresight,0.05,0.87
battle-gen9nationaldex-10901706,94,skarmory,TANK,0.97,gliscor,TANK,1.00,STALEMATE,irondefense,0.97,1.00
battle-gen9nationaldex-10901706,95,skarmory,TANK,0.97,gliscor,TANK,1.00,STALEMATE,irondefense,0.97,1.00
battle-gen9nationaldex-10901706,96,skarmory,TANK,0.97,gliscor,TANK,1.00,STALEMATE,irondefense,0.97,1.00
battle-gen9nationaldex-10901706,97,skarmory,TANK,0.97,gliscor,TANK,1.00,STALEMATE,irondefense,0.97,1.00
battle-gen9nationaldex-10901706,98,skarmory,TANK,0.97,gliscor,TANK,1.00,STALEMATE,irondefense,0.97,1.00
battle-gen9nationaldex-10901706,99,skarmory,TANK,0.97,gliscor,TANK,1.00,STALEMATE,irondefense,0.97,1.00
battle-gen9nationaldex-10901706,100,skarmory,TANK,0.95,gliscor,TANK,0.72,STALEMATE,irondefense,0.95,0.72
battle-gen9nationaldex-10901706,101,skarmory,TANK,0.85,gliscor,TANK,0.43,STALEMATE,struggle,0.85,0.43
battle-gen9nationaldex-10901714,92,cresselia,TANK,1.00,gliscor,TANK,1.00,VOLATILE,struggle,1.00,1.40
battle-gen9nationaldex-10901714,93,cresselia,TANK,1.00,pecharunt,TANK,0.40,DEFENSIVE_DIS,struggle,1.00,1.40
battle-gen9nationaldex-10901714,94,cresselia,TANK,0.75,gliscor,TANK,1.00,VOLATILE,struggle,0.75,1.40
battle-gen9nationaldex-10901714,95,cresselia,TANK,0.75,pecharunt,TANK,0.40,DEFENSIVE_DIS,struggle,0.75,1.40
battle-gen9nationaldex-10901714,96,cresselia,TANK,0.75,gliscor,TANK,1.00,VOLATILE,struggle,0.75,1.40
battle-gen9nationaldex-10901714,97,cresselia,TANK,0.75,pecharunt,TANK,0.40,DEFENSIVE_DIS,struggle,0.75,1.40
battle-gen9nationaldex-10901714,98,cresselia,TANK,0.50,gliscor,TANK,1.00,VOLATILE,struggle,0.50,1.40
battle-gen9nationaldex-10901714,99,cresselia,TANK,0.25,pecharunt,TANK,0.39,DEFENSIVE_DIS,struggle,0.25,1.39
battle-gen9nationaldex-10901737,88,porygon2,TANK,0.54,pecharunt,TANK,0.30,NEUTRAL,SWITCH->gliscor,3.01,0.79
battle-gen9nationaldex-10901737,89,gliscor,TANK,1.00,gliscor,TANK,0.49,OFFENSIVE_DIS,SWITCH->porygon2,3.01,0.79
battle-gen9nationaldex-10901737,90,porygon2,TANK,0.48,pecharunt,TANK,0.18,NEUTRAL,SWITCH->gliscor,2.95,0.67
battle-gen9nationaldex-10901737,91,gliscor,TANK,1.00,gliscor,TANK,0.49,OFFENSIVE_DIS,SWITCH->porygon2,2.95,0.67
battle-gen9nationaldex-10901737,92,porygon2,TANK,0.42,pecharunt,TANK,0.05,NEUTRAL,teleport,2.89,0.54
battle-gen9nationaldex-10901737,92,porygon2,TANK,0.42,gliscor,TANK,0.36,OFFENSIVE_ADV,SWITCH->gliscor,2.89,0.41
battle-gen9nationaldex-10901737,93,gliscor,TANK,1.00,gliscor,TANK,0.49,OFFENSIVE_DIS,SWITCH->porygon2,2.89,0.54
battle-gen9nationaldex-10901737,94,porygon2,TANK,0.36,gliscor,TANK,0.36,OFFENSIVE_ADV,icebeam,2.83,0.36
battle-gen9nationaldex-10901762,103,venusaurmega,TANK,0.82,amoonguss,TANK,0.77,NEUTRAL,synthesis,0.82,0.77
battle-gen9nationaldex-10901762,104,venusaurmega,TANK,0.88,amoonguss,TANK,0.84,NEUTRAL,sludgebomb,0.88,0.84
battle-gen9nationaldex-10901762,105,venusaurmega,TANK,0.76,amoonguss,TANK,0.56,NEUTRAL,synthesis,0.76,0.56
battle-gen9nationaldex-10901762,106,venusaurmega,TANK,0.88,amoonguss,TANK,0.63,NEUTRAL,sludgebomb,0.88,0.63
battle-gen9nationaldex-10901762,107,venusaurmega,TANK,0.76,amoonguss,TANK,0.35,NEUTRAL,synthesis,0.76,0.35
battle-gen9nationaldex-10901762,108,venusaurmega,TANK,0.83,amoonguss,TANK,0.41,NEUTRAL,synthesis,0.83,0.41
battle-gen9nationaldex-10901762,109,venusaurmega,TANK,0.88,amoonguss,TANK,0.47,NEUTRAL,sludgebomb,0.88,0.47
battle-gen9nationaldex-10901762,110,venusaurmega,TANK,0.76,amoonguss,TANK,0.24,NEUTRAL,sludgebomb,0.76,0.24
battle-gen9nationaldex-10901785,85,quagsire,TANK,1.00,corviknight,TANK,0.87,OFFENSIVE_DIS,recover,1.00,0.87
battle-gen9nationaldex-10901785,86,quagsire,TANK,1.00,corviknight,TANK,0.85,OFFENSIVE_DIS,recover,1.00,0.85
battle-gen9nationaldex-10901785,87,quagsire,TANK,1.00,corviknight,TANK,0.84,OFFENSIVE_DIS,recover,1.00,0.84
battle-gen9nationaldex-10901785,88,quagsire,TANK,1.00,corviknight,TANK,1.00,OFFENSIVE_DIS,toxic,1.00,1.00
battle-gen9nationaldex-10901785,89,quagsire,TANK,0.79,corviknight,TANK,0.98,OFFENSIVE_DIS,toxic,0.79,0.98
battle-gen9nationaldex-10901785,90,quagsire,TANK,0.58,corviknight,TANK,0.95,OFFENSIVE_DIS,toxic,0.58,0.95
battle-gen9nationaldex-10901785,91,quagsire,TANK,0.40,corviknight,TANK,0.94,OFFENSIVE_DIS,toxic,0.40,0.94
battle-gen9nationaldex-10901785,92,quagsire,TANK,0.21,corviknight,TANK,0.91,OFFENSIVE_DIS,toxic,0.21,0.91
battle-gen9nationaldex-10901786,95,steelix,TANK,1.00,steelix,TANK,1.00,CRITICAL_DIS,heavyslam,1.00,1.00
battle-gen9nationaldex-10901786,96,steelix,TANK,1.00,steelix,TANK,1.00,CRITICAL_DIS,heavyslam,1.00,1.00
battle-gen9nationaldex-10901786,97,steelix,TANK,1.00,steelix,TANK,1.00,CRITICAL_DIS,heavyslam,1.00,1.00
battle-gen9nationaldex-10901786,98,steelix,TANK,1.00,steelix,TANK,1.00,CRITICAL_DIS,toxic,1.00,1.00
battle-gen9nationaldex-10901786,99,steelix,TANK,1.00,steelix,TANK,0.82,CRITICAL_DIS,toxic,1.00,0.82
battle-gen9nationaldex-10901786,100,steelix,TANK,1.00,steelix,TANK,0.63,CRITICAL_DIS,toxic,1.00,0.63
battle-gen9nationaldex-10901786,101,steelix,TANK,1.00,steelix,TANK,0.44,CRITICAL_DIS,toxic,1.00,0.44
battle-gen9nationaldex-10901786,102,steelix,TANK,1.00,steelix,TANK,0.25,CRITICAL_DIS,toxic,1.00,0.25
battle-gen9nationaldex-10901941,96,gliscor,TANK,1.00,pecharunt,TANK,0.69,OFFENSIVE_ADV,defog,1.00,1.69
battle-gen9nationaldex-10901941,97,gliscor,TANK,1.00,pecharunt,TANK,0.69,OFFENSIVE_ADV,defog,1.00,1.69
battle-gen9nationaldex-10901941,98,gliscor,TANK,1.00,pecharunt,TANK,0.69,OFFENSIVE_ADV,struggle,1.00,1.69
battle-gen9nationaldex-10901941,99,gliscor,TANK,0.88,pecharunt,TANK,0.68,OFFENSIVE_ADV,struggle,0.88,1.68
battle-gen9nationaldex-10901941,100,gliscor,TANK,0.75,pecharunt,TANK,0.66,OFFENSIVE_ADV,struggle,0.75,1.66
battle-gen9nationaldex-10901941,101,gliscor,TANK,0.62,pecharunt,TANK,0.64,OFFENSIVE_ADV,struggle,0.62,1.64
battle-gen9nationaldex-10901941,102,gliscor,TANK,0.50,pecharunt,TANK,0.62,OFFENSIVE_ADV,struggle,0.50,1.62
battle-gen9nationaldex-10901941,103,gliscor,TANK,0.38,pecharunt,TANK,0.61,OFFENSIVE_ADV,struggle,0.38,1.61
battle-gen9nationaldex-10901971,84,altariamega,TANK,0.06,rotomwash,TANK,0.19,DOMINANT,SWITCH->gliscor,1.06,0.19
battle-gen9nationaldex-10901971,85,gliscor,TANK,1.00,rotomwash,TANK,0.25,VOLATILE,uturn,1.06,0.25
battle-gen9nationaldex-10901971,85,gliscor,TANK,1.00,rotomwash,TANK,0.12,VOLATILE,SWITCH->altariamega,1.06,0.12
battle-gen9nationaldex-10901971,86,altariamega,TANK,0.03,rotomwash,TANK,0.15,DOMINANT,SWITCH->gliscor,1.03,0.15
battle-gen9nationaldex-10901971,87,gliscor,TANK,1.00,rotomwash,TANK,0.22,VOLATILE,uturn,1.03,0.22
battle-gen9nationaldex-10901971,87,gliscor,TANK,1.00,rotomwash,TANK,0.09,VOLATILE,SWITCH->altariamega,1.03,0.09
battle-gen9nationaldex-10901971,87,altaria,TANK,0.00,rotomwash,TANK,0.12,OFFENSIVE_ADV,SWITCH->gliscor,1.00,0.12
battle-gen9nationaldex-10901971,88,gliscor,TANK,1.00,rotomwash,TANK,0.12,VOLATILE,uturn,1.00,0.12
battle-gen9nationaldex-10902023,87,quagsire,TANK,0.81,gliscor,TANK,1.00,OFFENSIVE_DIS,SWITCH->heatran,1.72,1.34
battle-gen9nationaldex-10902023,88,heatran,TANK,0.81,zarude,TANK,0.34,OFFENSIVE_ADV,SWITCH->quagsire,1.62,1.34
battle-gen9nationaldex-10902023,89,quagsire,TANK,0.81,gliscor,TANK,1.00,OFFENSIVE_DIS,SWITCH->heatran,1.62,1.34
battle-gen9nationaldex-10902023,90,heatran,TANK,0.72,zarude,TANK,0.34,OFFENSIVE_ADV,toxic,1.53,1.34
battle-gen9nationaldex-10902023,91,heatran,TANK,0.78,gliscor,TANK,1.00,DEFENSIVE_DIS,SWITCH->quagsire,1.59,1.34
battle-gen9nationaldex-10902023,92,quagsire,TANK,0.71,zarude,TANK,0.34,CRITICAL_DIS,SWITCH->heatran,1.49,1.34
battle-gen9nationaldex-10902023,93,heatran,TANK,0.10,zarude,TANK,0.34,VOLATILE,SWITCH->quagsire,0.81,1.34
battle-gen9nationaldex-10902023,93,quagsire,TANK,0.00,zarude,TANK,0.34,CRITICAL_DIS,SWITCH->heatran,0.10,1.34
battle-gen9nationaldex-10902095,132,gliscor,TANK,1.00,gliscor,TANK,1.00,OFFENSIVE_DIS,roost,1.00,1.00
battle-gen9nationaldex-10902095,133,gliscor,TANK,1.00,gliscor,TANK,1.00,OFFENSIVE_DIS,struggle,1.00,1.00
battle-gen9nationaldex-10902095,134,gliscor,TANK,0.88,gliscor,TANK,1.00,OFFENSIVE_DIS,struggle,0.88,1.00
battle-gen9nationaldex-10902095,135,gliscor,TANK,0.75,gliscor,TANK,1.00,OFFENSIVE_DIS,struggle,0.75,1.00
battle-gen9nationaldex-10902095,136,gliscor,TANK,0.62,gliscor,TANK,1.00,OFFENSIVE_DIS,struggle,0.62,1.00
battle-gen9nationaldex-10902095,137,gliscor,TANK,0.50,gliscor,TANK,1.00,OFFENSIVE_DIS,struggle,0.50,1.00
battle-gen9nationaldex-10902095,138,gliscor,TANK,0.38,gliscor,TANK,1.00,OFFENSIVE_DIS,struggle,0.38,1.00
battle-gen9nationaldex-10902095,139,gliscor,TANK,0.25,gliscor,TANK,1.00,OFFENSIVE_DIS,struggle,0.25,1.00
battle-gen9nationaldex-10902171,121,toxapex,TANK,0.55,slowkinggalar,TANK,1.00,DEFENSIVE_DIS,haze,0.55,2.05
battle-gen9nationaldex-10902171,122,toxapex,TANK,0.43,slowkinggalar,TANK,1.00,DEFENSIVE_DIS,haze,0.43,2.05
battle-gen9nationaldex-10902171,123,toxapex,TANK,0.43,heatran,TANK,1.00,VOLATILE,haze,0.43,2.05
battle-gen9nationaldex-10902171,124,toxapex,TANK,0.43,slowkinggalar,TANK,1.00,DEFENSIVE_DIS,haze,0.43,2.05
battle-gen9nationaldex-10902171,125,toxapex,TANK,0.43,slowkinggalar,TANK,1.00,DEFENSIVE_DIS,haze,0.43,2.05
battle-gen9nationaldex-10902171,126,toxapex,TANK,0.34,slowkinggalar,TANK,1.00,DEFENSIVE_DIS,haze,0.34,2.05
battle-gen9nationaldex-10902171,127,toxapex,TANK,0.23,slowkinggalar,TANK,1.00,DEFENSIVE_DIS,haze,0.23,2.05
battle-gen9nationaldex-10902171,128,toxapex,TANK,0.23,heatran,TANK,1.00,VOLATILE,haze,0.23,2.05
battle-gen9nationaldex-10902237,91,garganacl,TANK,0.00,clefable,TANK,0.99,NEUTRAL,SWITCH->toxapex,1.00,0.99
battle-gen9nationaldex-10902237,92,toxapex,TANK,0.88,clefable,TANK,0.99,DEFENSIVE_ADV,scald,0.88,0.99
battle-gen9nationaldex-10902237,93,toxapex,TANK,0.74,clefable,TANK,0.95,DEFENSIVE_ADV,scald,0.74,0.95
battle-gen9nationaldex-10902237,94,toxapex,TANK,0.61,clefable,TANK,0.94,DEFENSIVE_ADV,scald,0.61,0.94
battle-gen9nationaldex-10902237,95,toxapex,TANK,0.48,clefable,TANK,0.91,DEFENSIVE_ADV,scald,0.48,0.91
battle-gen9nationaldex-10902237,96,toxapex,TANK,0.35,clefable,TANK,0.90,DEFENSIVE_ADV,scald,0.35,0.90
battle-gen9nationaldex-10902237,97,toxapex,TANK,0.23,clefable,TANK,0.87,DEFENSIVE_ADV,scald,0.23,0.87
battle-gen9nationaldex-10902237,98,toxapex,TANK,0.10,clefable,TANK,0.86,DEFENSIVE_ADV,scald,0.10,0.86
battle-gen9nationaldex-10902307,79,pecharunt,TANK,0.88,tyranitarmega,TANK,0.37,CRITICAL_DIS,shadowball,0.88,0.97
battle-gen9nationaldex-10902307,80,pecharunt,TANK,0.88,slowkinggalar,TANK,0.58,VOLATILE,shadowball,0.88,0.95
battle-gen9nationaldex-10902307,81,pecharunt,TANK,0.82,tyranitarmega,TANK,0.18,CRITICAL_DIS,shadowball,0.82,0.76
battle-gen9nationaldex-10902307,82,pecharunt,TANK,0.76,slowkinggalar,TANK,0.52,VOLATILE,recover,0.76,0.70
battle-gen9nationaldex-10902307,83,pecharunt,TANK,0.94,tyranitarmega,TANK,0.05,CRITICAL_DIS,shadowball,0.94,0.57
battle-gen9nationaldex-10902307,84,pecharunt,TANK,0.88,slowkinggalar,TANK,0.32,VOLATILE,shadowball,0.88,0.37
battle-gen9nationaldex-10902307,85,pecharunt,TANK,0.88,slowkinggalar,TANK,0.53,VOLATILE,shadowball,0.88,0.53
battle-gen9nationaldex-10902307,86,pecharunt,TANK,0.88,slowkinggalar,TANK,0.31,VOLATILE,shadowball,0.88,0.31
battle-gen9nationaldex-10902311,74,toxapex,TANK,0.48,chansey,TANK,0.72,NEUTRAL,SWITCH->clefable,0.97,1.47
battle-gen9nationaldex-10902311,75,clefable,TANK,0.24,chansey,TANK,0.60,NEUTRAL,SWITCH->toxapex,1.05,1.35
battle-gen9nationaldex-10902311,76,toxapex,TANK,0.30,chansey,TANK,0.41,NEUTRAL,SWITCH->clefable,0.54,1.16
battle-gen9nationaldex-10902311,76,clefable,TANK,0.00,chansey,TANK,0.17,NEUTRAL,SWITCH->toxapex,0.63,0.92
battle-gen9nationaldex-10902311,77,toxapex,TANK,0.51,chansey,TANK,0.17,NEUTRAL,recover,0.51,0.92
battle-gen9nationaldex-10902311,78,toxapex,TANK,0.62,venusaur,TANK,0.52,OFFENSIVE_DIS,scald,0.62,0.75
battle-gen9nationaldex-10902311,79,toxapex,TANK,0.39,venusaur,TANK,0.52,OFFENSIVE_DIS,scald,0.39,0.75
battle-gen9nationaldex-10902311,80,toxapex,TANK,0.16,venusaur,TANK,0.51,OFFENSIVE_DIS,scald,0.16,0.74
battle-gen9nationaldex-10902316,74,blissey,TANK,0.96,magnezone,TANK,0.12,OFFENSIVE_DIS,icebeam,0.96,1.18
battle-gen9nationaldex-10902316,75,blissey,TANK,0.96,magnezone,TANK,0.12,OFFENSIVE_DIS,icebeam,0.96,1.12
battle-gen9nationaldex-10902316,76,blissey,TANK,0.96,gliscor,TANK,0.25,OFFENSIVE_ADV,icebeam,0.96,0.37
battle-gen9nationaldex-10902316,77,blissey,TANK,0.81,magnezone,TANK,0.12,OFFENSIVE_DIS,icebeam,0.81,0.37
battle-gen9nationaldex-10902316,78,blissey,TANK,0.81,gliscor,TANK,0.38,OFFENSIVE_ADV,icebeam,0.81,0.50
battle-gen9nationaldex-10902316,79,blissey,TANK,0.65,magnezone,TANK,0.12,OFFENSIVE_DIS,icebeam,0.65,0.50
battle-gen9nationaldex-10902316,80,blissey,TANK,0.65,gliscor,TANK,0.50,OFFENSIVE_ADV,icebeam,0.65,0.62
battle-gen9nationaldex-10902316,81,blissey,TANK,0.51,gliscor,TANK,0.50,OFFENSIVE_ADV,icebeam,0.51,0.50
battle-gen9nationaldex-10902394,83,corviknight,TANK,0.75,slowbro,TANK,0.63,OFFENSIVE_ADV,roost,1.33,1.58
battle-gen9nationaldex-10902394,84,corviknight,TANK,0.72,slowbro,TANK,0.57,OFFENSIVE_ADV,roost,1.31,1.52
battle-gen9nationaldex-10902394,85,corviknight,TANK,0.94,corviknight,TANK,1.00,STALEMATE,SWITCH->slowbro,1.52,1.57
battle-gen9nationaldex-10902394,86,slowbro,TANK,0.52,sirfetchd,SWEEPER,1.00,DOMINANT,scald,1.46,2.57
battle-gen9nationaldex-10902394,87,slowbro,TANK,0.13,sirfetchd,SWEEPER,0.40,DOMINANT,scald,1.07,1.97
battle-gen9nationaldex-10902394,87,slowbro,TANK,0.00,sirfetchd,SWEEPER,0.40,DOMINANT,SWITCH->corviknight,0.94,1.97
battle-gen9nationaldex-10902394,88,corviknight,TANK,0.94,sirfetchd,SWEEPER,0.40,OFFENSIVE_ADV,uturn,0.94,1.97
battle-gen9nationaldex-10902394,89,corviknight,TANK,0.14,sirfetchd,SWEEPER,0.30,OFFENSIVE_ADV,uturn,0.14,1.87
battle-gen9nationaldex-10902404,119,toxapex,TANK,0.94,gliscor,TANK,1.00,VOLATILE,haze,0.94,1.00
battle-gen9nationaldex-10902404,120,toxapex,TANK,0.94,gliscor,TANK,1.00,VOLATILE,haze,0.94,1.00
battle-gen9nationaldex-10902404,121,toxapex,TANK,0.87,gliscor,TANK,0.88,VOLATILE,haze,0.87,0.88
battle-gen9nationaldex-10902404,122,toxapex,TANK,0.81,gliscor,TANK,0.75,VOLATILE,haze,0.81,0.75
battle-gen9nationaldex-10902404,123,toxapex,TANK,0.74,gliscor,TANK,0.63,VOLATILE,toxic,0.74,0.63
battle-gen9nationaldex-10902404,124,toxapex,TANK,0.67,gliscor,TANK,0.50,VOLATILE,toxic,0.67,0.50
battle-gen9nationaldex-10902404,125,toxapex,TANK,0.60,gliscor,TANK,0.38,VOLATILE,toxic,0.60,0.38
battle-gen9nationaldex-10902404,126,toxapex,TANK,0.54,gliscor,TANK,0.25,VOLATILE,toxic,0.54,0.25
battle-gen9nationaldex-10902406,100,gliscor,TANK,1.00,gliscor,TANK,1.00,NEUTRAL,protect,3.00,1.00
battle-gen9nationaldex-10902406,101,gliscor,TANK,1.00,gliscor,TANK,1.00,NEUTRAL,protect,3.00,1.00
battle-gen9nationaldex-10902406,102,gliscor,TANK,1.00,gliscor,TANK,1.00,NEUTRAL,protect,3.00,1.00
battle-gen9nationaldex-10902406,103,gliscor,TANK,1.00,gliscor,TANK,1.00,NEUTRAL,protect,3.00,1.00
battle-gen9nationaldex-10902406,104,gliscor,TANK,1.00,gliscor,TANK,1.00,NEUTRAL,protect,3.00,1.00
battle-gen9nationaldex-10902406,105,gliscor,TANK,1.00,gliscor,TANK,0.88,NEUTRAL,facade,3.00,0.88
battle-gen9nationaldex-10902406,106,gliscor,TANK,1.00,gliscor,TANK,0.52,NEUTRAL,SWITCH->skarmory,3.00,0.52
battle-gen9nationaldex-10902406,107,skarmory,TANK,0.97,gliscor,TANK,0.23,STALEMATE,SWITCH->pecharunt,2.97,0.23
battle-gen9nationaldex-10902417,85,reuniclus,TANK,0.60,steelix,TANK,1.00,OFFENSIVE_ADV,recover,0.60,1.46
battle-gen9nationaldex-10902417,86,reuniclus,TANK,1.00,ninetales,TANK,0.41,NEUTRAL,psyshock,1.00,1.46
battle-gen9nationaldex-10902417,87,reuniclus,TANK,1.00,steelix,TANK,0.98,OFFENSIVE_ADV,psyshock,1.00,1.44
battle-gen9nationaldex-10902417,88,reuniclus,TANK,1.00,steelix,TANK,0.98,OFFENSIVE_ADV,psyshock,1.00,1.03
battle-gen9nationaldex-10902417,89,reuniclus,TANK,1.00,steelix,TANK,0.98,OFFENSIVE_ADV,focusblast,1.00,0.98
battle-gen9nationaldex-10902417,90,reuniclus,TANK,0.75,steelix,TANK,0.11,OFFENSIVE_ADV,focusblast,0.75,0.11
battle-gen9nationaldex-10902417,91,reuniclus,TANK,0.50,steelix,TANK,0.17,OFFENSIVE_ADV,focusblast,0.50,0.17
battle-gen9nationaldex-10902417,92,reuniclus,TANK,0.24,steelix,TANK,0.23,OFFENSIVE_ADV,focusblast,0.24,0.23
battle-gen9nationaldex-10902441,99,corviknight,TANK,0.00,heatran,TANK,0.74,CRITICAL_DIS,SWITCH->heatran,1.00,1.44
battle-gen9nationaldex-10902441,100,heatran,TANK,1.00,heatran,TANK,0.74,VOLATILE,earthpower,1.00,1.44
battle-gen9nationaldex-10902441,101,heatran,TANK,1.00,quagsire,TANK,0.44,DEFENSIVE_DIS,magmastorm,1.00,1.18
battle-gen9nationaldex-10902441,102,heatran,TANK,1.00,heatran,TANK,0.80,VOLATILE,earthpower,1.00,1.24
battle-gen9nationaldex-10902441,103,heatran,TANK,1.00,quagsire,TANK,0.18,DEFENSIVE_DIS,magmastorm,1.00,0.98
battle-gen9nationaldex-10902441,104,heatran,TANK,1.00,heatran,TANK,0.86,VOLATILE,earthpower,1.00,1.04
battle-gen9nationaldex-10902441,105,heatran,TANK,1.00,heatran,TANK,0.86,VOLATILE,earthpower,1.00,0.86
battle-gen9nationaldex-10902441,106,heatran,TANK,0.35,heatran,TANK,0.24,VOLATILE,earthpower,0.35,0.24
battle-gen9nationaldex-10902525,144,slowkinggalar,TANK,0.88,toxapex,TANK,0.90,OFFENSIVE_ADV,futuresight,1.88,0.90
battle-gen9nationaldex-10902525,145,slowkinggalar,TANK,0.82,toxapex,TANK,0.90,OFFENSIVE_ADV,slackoff,1.82,0.90
battle-gen9nationaldex-10902525,146,slowkinggalar,TANK,0.94,toxapex,TANK,0.30,OFFENSIVE_ADV,futuresight,1.94,0.30
battle-gen9nationaldex-10902525,147,slowkinggalar,TANK,0.88,toxapex,TANK,0.80,OFFENSIVE_ADV,SWITCH->heatran,1.88,0.80
battle-gen9nationaldex-10902525,148,heatran,TANK,1.00,toxapex,TANK,1.00,VOLATILE,SWITCH->slowkinggalar,2.00,1.00
battle-gen9nationaldex-10902525,149,slowkinggalar,TANK,0.94,toxapex,TANK,0.47,OFFENSIVE_ADV,futuresight,1.94,0.47
battle-gen9nationaldex-10902525,150,slowkinggalar,TANK,0.88,toxapex,TANK,0.47,OFFENSIVE_ADV,SWITCH->heatran,1.88,0.47
battle-gen9nationaldex-10902525,151,heatran,TANK,1.00,toxapex,TANK,0.47,VOLATILE,SWITCH->slowkinggalar,2.00,0.47
battle-gen9nationaldex-10902578,993,quagsire,TANK,0.26,amoonguss,TANK,1.00,DEFENSIVE_DIS,SWITCH->amoonguss,1.31,1.37
battle-gen9nationaldex-10902578,994,amoonguss,TANK,1.00,quagsire,TANK,0.33,OFFENSIVE_ADV,SWITCH->quagsire,1.31,1.37
battle-gen9nationaldex-10902578,995,quagsire,TANK,0.26,amoonguss,TANK,1.00,DEFENSIVE_DIS,SWITCH->amoonguss,1.31,1.37
battle-gen9nationaldex-10902578,996,amoonguss,TANK,1.00,quagsire,TANK,0.33,OFFENSIVE_ADV,SWITCH->quagsire,1.31,1.37
battle-gen9nationaldex-10902578,997,quagsire,TANK,0.26,amoonguss,TANK,1.00,DEFENSIVE_DIS,SWITCH->amoonguss,1.31,1.37
battle-gen9nationaldex-10902578,998,amoonguss,TANK,1.00,quagsire,TANK,0.33,OFFENSIVE_ADV,SWITCH->quagsire,1.31,1.37
battle-gen9nationaldex-10902578,999,quagsire,TANK,0.26,amoonguss,TANK,1.00,DEFENSIVE_DIS,SWITCH->amoonguss,1.31,1.37
battle-gen9nationaldex-10902578,1000,amoonguss,TANK,1.00,quagsire,TANK,0.33,OFFENSIVE_ADV,SWITCH->quagsire,1.31,1.37
battle-gen9nationaldex-10902584,82,latios,UTILITY,0.88,altariamega,TANK,1.00,DEFENSIVE_DIS,trick,1.28,2.26
battle-gen9nationaldex-10902584,83,latios,UTILITY,0.88,tapukoko,SWEEPER,0.26,DEFENSIVE_DIS,dracometeor,1.28,2.26
battle-gen9nationaldex-10902584,84,latios,UTILITY,0.51,tapukoko,SWEEPER,0.26,DEFENSIVE_DIS,dracometeor,0.91,2.26
battle-gen9nationaldex-10902584,85,latios,UTILITY,0.17,tapukoko,SWEEPER,0.26,DEFENSIVE_DIS,dracometeor,0.57,2.26
battle-gen9nationaldex-10902584,85,latios,UTILITY,0.00,tapukoko,SWEEPER,0.26,DEFENSIVE_DIS,SWITCH->melmetal,0.40,2.26
battle-gen9nationaldex-10902584,86,melmetal,TANK,0.34,tapukoko,SWEEPER,0.26,OFFENSIVE_ADV,icepunch,0.34,2.26
battle-gen9nationaldex-10902584,87,melmetal,TANK,0.29,gliscor,TANK,1.00,VOLATILE,icepunch,0.29,2.00
battle-gen9nationaldex-10902584,88,melmetal,TANK,0.24,altariamega,TANK,0.28,VOLATILE,icepunch,0.24,1.28
battle-gen9nationaldex-10902637,95,hippowdon,TANK,0.02,latias,TANK,1.00,NEUTRAL,stealthrock,0.02,1.00
battle-gen9nationaldex-10902637,96,hippowdon,TANK,0.02,latias,TANK,1.00,NEUTRAL,stealthrock,0.02,1.00
battle-gen9nationaldex-10902637,97,hippowdon,TANK,0.02,latias,TANK,1.00,NEUTRAL,stealthrock,0.02,1.00
battle-gen9nationaldex-10902637,98,hippowdon,TANK,0.02,latias,TANK,1.00,NEUTRAL,stealthrock,0.02,1.00
battle-gen9nationaldex-10902637,99,hippowdon,TANK,0.02,latias,TANK,1.00,NEUTRAL,stealthrock,0.02,1.00
battle-gen9nationaldex-10902637,100,hippowdon,TANK,0.02,latias,TANK,1.00,NEUTRAL,stealthrock,0.02,1.00
battle-gen9nationaldex-10902637,101,hippowdon,TANK,0.02,latias,TANK,1.00,NEUTRAL,stealthrock,0.02,1.00
battle-gen9nationaldex-10902637,102,hippowdon,TANK,0.02,latias,TANK,1.00,NEUTRAL,stealthrock,0.02,1.00
battle-gen9nationaldex-10902668,85,kommoo,TANK,0.51,latias,TANK,0.82,VOLATILE,SWITCH->slowbro,1.51,0.82
battle-gen9nationaldex-10902668,86,slowbro,TANK,1.00,latias,TANK,0.82,OFFENSIVE_DIS,scald,1.51,0.82
battle-gen9nationaldex-10902668,87,slowbro,TANK,1.00,latias,TANK,0.72,OFFENSIVE_DIS,scald,1.51,0.72
battle-gen9nationaldex-10902668,88,slowbro,TANK,1.00,latias,TANK,0.63,OFFENSIVE_DIS,scald,1.51,0.63
battle-gen9nationaldex-10902668,89,slowbro,TANK,1.00,latias,TANK,0.53,OFFENSIVE_DIS,scald,1.51,0.53
battle-gen9nationaldex-10902668,90,slowbro,TANK,1.00,latias,TANK,0.40,OFFENSIVE_DIS,teleport,1.51,0.40
battle-gen9nationaldex-10902668,90,slowbro,TANK,1.00,latias,TANK,0.40,OFFENSIVE_DIS,SWITCH->kommoo,1.51,0.40
battle-gen9nationaldex-10902668,91,kommoo,TANK,0.51,latias,TANK,0.40,VOLATILE,clangingscales,1.51,0.40
battle-gen9nationaldex-10902677,87,gliscor,TANK,1.00,gliscor,TANK,1.00,OFFENSIVE_DIS,toxic,1.00,1.00
battle-gen9nationaldex-10902677,88,gliscor,TANK,1.00,gliscor,TANK,1.00,OFFENSIVE_DIS,struggle,1.00,1.00
battle-gen9nationaldex-10902677,89,gliscor,TANK,0.88,gliscor,TANK,1.00,OFFENSIVE_DIS,struggle,0.88,1.00
battle-gen9nationaldex-10902677,90,gliscor,TANK,0.75,gliscor,TANK,1.00,OFFENSIVE_DIS,struggle,0.75,1.00
battle-gen9nationaldex-10902677,91,gliscor,TANK,0.62,gliscor,TANK,1.00,OFFENSIVE_DIS,struggle,0.62,1.00
battle-gen9nationaldex-10902677,92,gliscor,TANK,0.50,gliscor,TANK,1.00,OFFENSIVE_DIS,struggle,0.50,1.00
battle-gen9nationaldex-10902677,93,gliscor,TANK,0.38,gliscor,TANK,1.00,OFFENSIVE_DIS,struggle,0.38,1.00
battle-gen9nationaldex-10902677,94,gliscor,TANK,0.25,gliscor,TANK,1.00,OFFENSIVE_DIS,struggle,0.25,1.00
battle-gen9nationaldex-10902818,122,amoonguss,TANK,1.00,toxapex,TANK,1.00,NEUTRAL,clearsmog,1.00,1.00
battle-gen9nationaldex-10902818,123,amoonguss,TANK,1.00,toxapex,TANK,1.00,NEUTRAL,clearsmog,1.00,1.00
battle-gen9nationaldex-10902818,124,amoonguss,TANK,1.00,toxapex,TANK,1.00,NEUTRAL,spore,1.00,1.00
battle-gen9nationaldex-10902818,125,amoonguss,TANK,1.00,toxapex,TANK,1.00,NEUTRAL,spore,1.00,1.00
battle-gen9nationaldex-10902818,126,amoonguss,TANK,1.00,toxapex,TANK,1.00,NEUTRAL,struggle,1.00,1.00
battle-gen9nationaldex-10902818,127,amoonguss,TANK,0.81,toxapex,TANK,1.00,NEUTRAL,struggle,0.81,1.00
battle-gen9nationaldex-10902818,128,amoonguss,TANK,0.62,garganacl,TANK,0.90,OFFENSIVE_ADV,struggle,0.62,1.90
battle-gen9nationaldex-10902818,129,amoonguss,TANK,0.40,garganacl,TANK,0.97,OFFENSIVE_ADV,struggle,0.40,1.97
battle-gen9nationaldex-10902828,108,gliscor,TANK,1.00,gliscor,TANK,1.00,OFFENSIVE_DIS,roost,1.00,1.00
battle-gen9nationaldex-10902828,109,gliscor,TANK,1.00,gliscor,TANK,1.00,OFFENSIVE_DIS,struggle,1.00,1.00
battle-gen9nationaldex-10902828,110,gliscor,TANK,0.88,gliscor,TANK,1.00,OFFENSIVE_DIS,struggle,0.88,1.00
battle-gen9nationaldex-10902828,111,gliscor,TANK,0.75,gliscor,TANK,1.00,OFFENSIVE_DIS,struggle,0.75,1.00
battle-gen9nationaldex-10902828,112,gliscor,TANK,0.62,gliscor,TANK,0.98,OFFENSIVE_DIS,struggle,0.62,0.98
battle-gen9nationaldex-10902828,113,gliscor,TANK,0.50,gliscor,TANK,1.00,OFFENSIVE_DIS,struggle,0.50,1.00
battle-gen9nationaldex-10902828,114,gliscor,TANK,0.38,gliscor,TANK,1.00,OFFENSIVE_DIS,struggle,0.38,1.00
battle-gen9nationaldex-10902828,115,gliscor,TANK,0.25,gliscor,TANK,1.00,OFFENSIVE_DIS,struggle,0.25,1.00
battle-gen9nationaldex-10902865,74,hippowdon,TANK,0.64,landorustherian,SWEEPER,0.16,OFFENSIVE_DIS,slackoff,0.64,1.16
battle-gen9nationaldex-10902865,75,hippowdon,TANK,0.94,clefable,TANK,1.00,NEUTRAL,whirlwind,0.94,1.16
battle-gen9nationaldex-10902865,76,hippowdon,TANK,0.70,landorustherian,SWEEPER,0.04,OFFENSIVE_DIS,slackoff,0.70,1.04
battle-gen9nationaldex-10902865,77,hippowdon,TANK,1.00,clefable,TANK,1.00,NEUTRAL,whirlwind,1.00,1.04
battle-gen9nationaldex-10902865,78,hippowdon,TANK,0.78,clefable,TANK,1.00,NEUTRAL,whirlwind,0.78,1.00
battle-gen9nationaldex-10902865,79,hippowdon,TANK,0.55,clefable,TANK,1.00,NEUTRAL,whirlwind,0.55,1.00
battle-gen9nationaldex-10902865,80,hippowdon,TANK,0.30,clefable,TANK,1.00,NEUTRAL,whirlwind,0.30,1.00
battle-gen9nationaldex-10902865,81,hippowdon,TANK,0.06,clefable,TANK,1.00,NEUTRAL,whirlwind,0.06,1.00
battle-gen9nationaldex-10902888,80,rotomwash,TANK,0.28,gliscor,TANK,1.00,VOLATILE,painsplit,0.28,1.11
battle-gen9nationaldex-10902888,81,rotomwash,TANK,0.19,altariamega,TANK,0.08,CRITICAL_DIS,voltswitch,0.19,1.08
battle-gen9nationaldex-10902888,82,rotomwash,TANK,0.26,gliscor,TANK,1.00,VOLATILE,painsplit,0.26,1.08
battle-gen9nationaldex-10902888,83,rotomwash,TANK,0.16,altariamega,TANK,0.05,CRITICAL_DIS,voltswitch,0.16,1.05
battle-gen9nationaldex-10902888,84,rotomwash,TANK,0.23,gliscor,TANK,1.00,VOLATILE,painsplit,0.23,1.05
battle-gen9nationaldex-10902888,85,rotomwash,TANK,0.13,altariamega,TANK,0.02,CRITICAL_DIS,voltswitch,0.13,1.02
battle-gen9nationaldex-10902888,86,rotomwash,TANK,0.19,gliscor,TANK,1.00,VOLATILE,painsplit,0.19,1.02
battle-gen9nationaldex-10902888,87,rotomwash,TANK,0.10,gliscor,TANK,1.00,VOLATILE,painsplit,0.10,1.00
battle-gen9nationaldex-10902962,92,toxapex,TANK,1.00,manaphy,TANK,1.00,STALEMATE,haze,1.00,1.00
battle-gen9nationaldex-10902962,93,toxapex,TANK,1.00,manaphy,TANK,1.00,STALEMATE,haze,1.00,1.00
battle-gen9nationaldex-10902962,94,toxapex,TANK,1.00,manaphy,TANK,1.00,STALEMATE,haze,1.00,1.00
battle-gen9nationaldex-10902962,95,toxapex,TANK,1.00,manaphy,TANK,1.00,STALEMATE,toxic,1.00,1.00
battle-gen9nationaldex-10902962,96,toxapex,TANK,1.00,manaphy,TANK,0.94,STALEMATE,haze,1.00,0.94
battle-gen9nationaldex-10902962,97,toxapex,TANK,0.70,manaphy,TANK,0.82,CRITICAL_DIS,scald,0.70,0.82
battle-gen9nationaldex-10902962,98,toxapex,TANK,0.43,manaphy,TANK,0.56,CRITICAL_DIS,scald,0.43,0.56
battle-gen9nationaldex-10902962,99,toxapex,TANK,0.13,manaphy,TANK,0.25,CRITICAL_DIS,scald,0.13,0.25
battle-gen9nationaldex-10902978,84,gliscor,TANK,1.00,quagsire,TANK,0.68,DEFENSIVE_DIS,earthquake,1.00,0.68
battle-gen9nationaldex-10902978,85,gliscor,TANK,1.00,quagsire,TANK,0.50,DEFENSIVE_DIS,earthquake,1.00,0.50
battle-gen9nationaldex-10902978,86,gliscor,TANK,1.00,quagsire,TANK,0.32,DEFENSIVE_DIS,uturn,1.00,0.32
battle-gen9nationaldex-10902978,87,gliscor,TANK,1.00,quagsire,TANK,0.26,DEFENSIVE_DIS,uturn,1.00,0.26
battle-gen9nationaldex-10902978,88,gliscor,TANK,1.00,quagsire,TANK,0.21,DEFENSIVE_DIS,uturn,1.00,0.21
battle-gen9nationaldex-10902978,89,gliscor,TANK,1.00,quagsire,TANK,0.17,DEFENSIVE_DIS,uturn,1.00,0.17
battle-gen9nationaldex-10902978,90,gliscor,TANK,1.00,quagsire,TANK,0.13,DEFENSIVE_DIS,uturn,1.00,0.13
battle-gen9nationaldex-10902978,91,gliscor,TANK,1.00,quagsire,TANK,0.07,DEFENSIVE_DIS,uturn,1.00,0.07
battle-gen9nationaldex-10903017,73,blissey,TANK,0.72,serperior,TANK,0.94,OFFENSIVE_ADV,icebeam,0.72,1.69
battle-gen9nationaldex-10903017,74,blissey,TANK,0.72,serperior,TANK,0.60,OFFENSIVE_ADV,icebeam,0.72,1.35
battle-gen9nationaldex-10903017,75,blissey,TANK,0.72,serperior,TANK,0.31,OFFENSIVE_ADV,icebeam,0.72,1.06
battle-gen9nationaldex-10903017,76,blissey,TANK,0.72,magnezone,TANK,0.16,OFFENSIVE_DIS,icebeam,0.72,0.75
battle-gen9nationaldex-10903017,77,blissey,TANK,0.72,magnezone,TANK,0.16,OFFENSIVE_DIS,icebeam,0.72,0.69
battle-gen9nationaldex-10903017,78,blissey,TANK,0.72,magnezone,TANK,0.16,OFFENSIVE_DIS,icebeam,0.72,0.16
battle-gen9nationaldex-10903017,79,blissey,TANK,0.54,magnezone,TANK,0.16,OFFENSIVE_DIS,icebeam,0.54,0.16
battle-gen9nationaldex-10903017,80,blissey,TANK,0.38,magnezone,TANK,0.06,OFFENSIVE_DIS,icebeam,0.38,0.06
battle-gen9nationaldex-10903036,83,gliscor,TANK,1.00,dubwool,TANK,0.43,NEUTRAL,facade,1.47,0.43
battle-gen9nationaldex-10903036,84,gliscor,TANK,1.00,dubwool,TANK,0.39,NEUTRAL,facade,1.47,0.39
battle-gen9nationaldex-10903036,85,gliscor,TANK,1.00,dubwool,TANK,0.36,NEUTRAL,facade,1.47,0.36
battle-gen9nationaldex-10903036,86,gliscor,TANK,1.00,dubwool,TANK,0.33,NEUTRAL,facade,1.47,0.33
battle-gen9nationaldex-10903036,87,gliscor,TANK,1.00,dubwool,TANK,0.30,NEUTRAL,facade,1.47,0.30
battle-gen9nationaldex-10903036,88,gliscor,TANK,1.00,dubwool,TANK,0.27,NEUTRAL,facade,1.47,0.27
battle-gen9nationaldex-10903036,89,gliscor,TANK,1.00,dubwool,TANK,0.09,NEUTRAL,SWITCH->pecharunt,1.47,0.09
battle-gen9nationaldex-10903036,90,pecharunt,TANK,0.47,dubwool,TANK,0.09,DEFENSIVE_ADV,malignantchain,1.47,0.09
battle-gen9nationaldex-10903099,143,slowbro,TANK,0.51,gliscor,TANK,0.21,OFFENSIVE_ADV,icebeam,0.51,1.09
battle-gen9nationaldex-10903099,144,slowbro,TANK,0.23,slowbro,TANK,0.88,STALEMATE,slackoff,0.23,0.88
battle-gen9nationaldex-10903099,145,slowbro,TANK,0.67,slowbro,TANK,0.82,STALEMATE,slackoff,0.67,0.82
battle-gen9nationaldex-10903099,146,slowbro,TANK,0.94,slowbro,TANK,0.76,STALEMATE,scald,0.94,0.76
battle-gen9nationaldex-10903099,147,slowbro,TANK,0.65,slowbro,TANK,0.56,STALEMATE,slackoff,0.65,0.56
battle-gen9nationaldex-10903099,148,slowbro,TANK,0.94,slowbro,TANK,0.50,STALEMATE,scald,0.94,0.50
battle-gen9nationaldex-10903099,149,slowbro,TANK,0.88,slowbro,TANK,0.30,STALEMATE,scald,0.88,0.30
battle-gen9nationaldex-10903099,150,slowbro,TANK,0.43,slowbro,TANK,0.09,STALEMATE,scald,0.43,0.09
battle-gen9nationaldex-10903291,118,gliscor,TANK,1.00,gliscor,TANK,0.42,NEUTRAL,facade,1.33,0.42
battle-gen9nationaldex-10903291,119,gliscor,TANK,1.00,gliscor,TANK,0.30,NEUTRAL,facade,1.33,0.30
battle-gen9nationaldex-10903291,120,gliscor,TANK,1.00,gliscor,TANK,0.19,NEUTRAL,SWITCH->pecharunt,1.33,0.19
battle-gen9nationaldex-10903291,121,pecharunt,TANK,0.33,gliscor,TANK,0.32,DEFENSIVE_DIS,partingshot,1.33,0.32
battle-gen9nationaldex-10903291,121,pecharunt,TANK,0.33,gliscor,TANK,0.32,DEFENSIVE_DIS,SWITCH->gliscor,1.33,0.32
battle-gen9nationaldex-10903291,122,gliscor,TANK,1.00,gliscor,TANK,0.44,NEUTRAL,facade,1.33,0.44
battle-gen9nationaldex-10903291,123,gliscor,TANK,1.00,gliscor,TANK,0.32,NEUTRAL,facade,1.33,0.32
battle-gen9nationaldex-10903291,124,gliscor,TANK,1.00,gliscor,TANK,0.19,NEUTRAL,facade,1.33,0.19
battle-gen9nationaldex-10903319,107,toxapex,TANK,1.00,clefable,TANK,1.00,DEFENSIVE_ADV,recover,1.00,1.00
battle-gen9nationaldex-10903319,108,toxapex,TANK,1.00,clefable,TANK,1.00,DEFENSIVE_ADV,recover,1.00,1.00
battle-gen9nationaldex-10903319,109,toxapex,TANK,1.00,clefable,TANK,1.00,DEFENSIVE_ADV,recover,1.00,1.00
battle-gen9nationaldex-10903319,110,toxapex,TANK,1.00,clefable,TANK,1.00,DEFENSIVE_ADV,recover,1.00,1.00
battle-gen9nationaldex-10903319,111,toxapex,TANK,1.00,clefable,TANK,0.81,DEFENSIVE_ADV,recover,1.00,0.81
battle-gen9nationaldex-10903319,112,toxapex,TANK,1.00,clefable,TANK,0.62,DEFENSIVE_ADV,recover,1.00,0.62
battle-gen9nationaldex-10903319,113,toxapex,TANK,1.00,clefable,TANK,0.43,DEFENSIVE_ADV,haze,1.00,0.43
battle-gen9nationaldex-10903319,114,toxapex,TANK,1.00,clefable,TANK,0.24,DEFENSIVE_ADV,haze,1.00,0.24
battle-gen9nationaldex-10903335,74,latias,TANK,0.52,heatran,TANK,0.04,OFFENSIVE_DIS,roost,1.52,0.04
battle-gen9nationaldex-10903335,75,latias,TANK,1.00,heatran,TANK,0.04,OFFENSIVE_DIS,calmmind,2.00,0.04
battle-gen9nationaldex-10903335,76,latias,TANK,1.00,heatran,TANK,0.04,OFFENSIVE_DIS,calmmind,2.00,0.04
battle-gen9nationaldex-10903335,77,latias,TANK,1.00,heatran,TANK,0.04,OFFENSIVE_DIS,calmmind,2.00,0.04
battle-gen9nationaldex-10903335,78,latias,TANK,1.00,heatran,TANK,0.04,OFFENSIVE_DIS,calmmind,2.00,0.04
battle-gen9nationaldex-10903335,79,latias,TANK,1.00,heatran,TANK,0.04,OFFENSIVE_DIS,calmmind,2.00,0.04
battle-gen9nationaldex-10903335,80,latias,TANK,1.00,heatran,TANK,0.04,OFFENSIVE_DIS,SWITCH->tyranitar,2.00,0.04
battle-gen9nationaldex-10903335,81,tyranitar,TANK,0.54,heatran,TANK,0.04,VOLATILE,crunch,1.54,0.04
battle-gen9nationaldex-10903436,124,blissey,TANK,1.00,blissey,TANK,1.00,NEUTRAL,calmmind,1.00,1.00
battle-gen9nationaldex-10903436,125,blissey,TANK,1.00,blissey,TANK,1.00,NEUTRAL,calmmind,1.00,1.00
battle-gen9nationaldex-10903436,126,blissey,TANK,1.00,blissey,TANK,1.00,NEUTRAL,calmmind,1.00,1.00
battle-gen9nationaldex-10903436,127,blissey,TANK,1.00,blissey,TANK,1.00,NEUTRAL,calmmind,1.00,1.00
battle-gen9nationaldex-10903436,128,blissey,TANK,0.99,blissey,TANK,0.75,NEUTRAL,calmmind,0.99,0.75
battle-gen9nationaldex-10903436,129,blissey,TANK,0.99,blissey,TANK,0.75,NEUTRAL,calmmind,0.99,0.75
battle-gen9nationaldex-10903436,130,blissey,TANK,0.98,blissey,TANK,0.50,NEUTRAL,calmmind,0.98,0.50
battle-gen9nationaldex-10903436,131,blissey,TANK,0.96,blissey,TANK,0.25,NEUTRAL,calmmind,0.96,0.25
battle-gen9nationaldex-10903437,82,toxapex,TANK,1.00,slowkinggalar,TANK,0.46,DEFENSIVE_DIS,haze,1.00,0.46
battle-gen9nationaldex-10903437,83,toxapex,TANK,0.46,slowkinggalar,TANK,0.40,DEFENSIVE_DIS,recover,0.46,0.40
battle-gen9nationaldex-10903437,84,toxapex,TANK,0.96,slowkinggalar,TANK,0.33,DEFENSIVE_DIS,haze,0.96,0.33
battle-gen9nationaldex-10903437,85,toxapex,TANK,0.96,slowkinggalar,TANK,0.27,DEFENSIVE_DIS,haze,0.96,0.27
battle-gen9nationaldex-10903437,86,toxapex,TANK,0.43,slowkinggalar,TANK,0.21,DEFENSIVE_DIS,recover,0.43,0.21
battle-gen9nationaldex-10903437,87,toxapex,TANK,0.82,slowkinggalar,TANK,0.15,DEFENSIVE_DIS,recover,0.82,0.15
battle-gen9nationaldex-10903437,88,toxapex,TANK,0.84,slowkinggalar,TANK,0.09,DEFENSIVE_DIS,recover,0.84,0.09
battle-gen9nationaldex-10903437,89,toxapex,TANK,0.89,slowkinggalar,TANK,0.03,DEFENSIVE_DIS,haze,0.89,0.03
battle-gen9nationaldex-10903443,128,gliscor,TANK,1.00,skarmory,TANK,1.00,OFFENSIVE_DIS,earthquake,1.00,1.00
battle-gen9nationaldex-10903443,129,gliscor,TANK,1.00,skarmory,TANK,1.00,OFFENSIVE_DIS,roost,1.00,1.00
battle-gen9nationaldex-10903443,130,gliscor,TANK,1.00,skarmory,TANK,1.00,OFFENSIVE_DIS,roost,1.00,1.00
battle-gen9nationaldex-10903443,131,gliscor,TANK,1.00,skarmory,TANK,1.00,OFFENSIVE_DIS,roost,1.00,1.00
battle-gen9nationaldex-10903443,132,gliscor,TANK,1.00,skarmory,TANK,1.00,OFFENSIVE_DIS,struggle,1.00,1.00
battle-gen9nationaldex-10903443,133,gliscor,TANK,0.71,skarmory,TANK,0.98,OFFENSIVE_DIS,struggle,0.71,0.98
battle-gen9nationaldex-10903443,134,gliscor,TANK,0.42,skarmory,TANK,0.96,OFFENSIVE_DIS,struggle,0.42,0.96
battle-gen9nationaldex-10903443,135,gliscor,TANK,0.13,skarmory,TANK,0.94,OFFENSIVE_DIS,struggle,0.13,0.94
battle-gen9nationaldex-10903467,77,toxapex,TANK,0.00,garganacl,TANK,0.00,OFFENSIVE_ADV,SWITCH->dondozo,0.94,0.74
battle-gen9nationaldex-10903467,78,dondozo,TANK,0.94,dondozo,TANK,0.74,STALEMATE,wavecrash,0.94,0.74
battle-gen9nationaldex-10903467,79,dondozo,TANK,0.94,dondozo,TANK,0.64,STALEMATE,wavecrash,0.94,0.64
battle-gen9nationaldex-10903467,80,dondozo,TANK,0.92,dondozo,TANK,0.53,STALEMATE,wavecrash,0.92,0.53
battle-gen9nationaldex-10903467,81,dondozo,TANK,0.91,dondozo,TANK,0.43,STALEMATE,wavecrash,0.91,0.43
battle-gen9nationaldex-10903467,82,dondozo,TANK,0.89,dondozo,TANK,0.32,STALEMATE,wavecrash,0.89,0.32
battle-gen9nationaldex-10903467,83,dondozo,TANK,0.88,dondozo,TANK,0.21,STALEMATE,wavecrash,0.88,0.21
battle-gen9nationaldex-10903467,84,dondozo,TANK,0.87,dondozo,TANK,0.11,STALEMATE,wavecrash,0.87,0.11
battle-gen9nationaldex-10903494,116,gliscor,TANK,1.00,gliscor,TANK,1.00,OFFENSIVE_DIS,roost,1.00,2.00
battle-gen9nationaldex-10903494,117,gliscor,TANK,1.00,slowbro,TANK,1.00,VOLATILE,roost,1.00,2.00
battle-gen9nationaldex-10903494,118,gliscor,TANK,1.00,gliscor,TANK,1.00,OFFENSIVE_DIS,roost,1.00,2.00
battle-gen9nationaldex-10903494,119,gliscor,TANK,1.00,slowbro,TANK,1.00,VOLATILE,roost,1.00,2.00
battle-gen9nationaldex-10903494,120,gliscor,TANK,1.00,gliscor,TANK,1.00,OFFENSIVE_DIS,struggle,1.00,2.00
battle-gen9nationaldex-10903494,121,gliscor,TANK,0.71,slowbro,TANK,0.93,VOLATILE,struggle,0.71,1.93
battle-gen9nationaldex-10903494,122,gliscor,TANK,0.59,gliscor,TANK,1.00,OFFENSIVE_DIS,struggle,0.59,1.93
battle-gen9nationaldex-10903494,123,gliscor,TANK,0.30,slowbro,TANK,0.94,VOLATILE,struggle,0.30,1.94
battle-gen9nationaldex-10903503,102,gliscor,TANK,1.00,gliscor,TANK,1.00,OFFENSIVE_DIS,uturn,1.00,1.00
battle-gen9nationaldex-10903503,103,gliscor,TANK,1.00,gliscor,TANK,1.00,OFFENSIVE_DIS,uturn,1.00,1.00
battle-gen9nationaldex-10903503,104,gliscor,TANK,1.00,gliscor,TANK,1.00,OFFENSIVE_DIS,uturn,1.00,1.00
battle-gen9nationaldex-10903503,105,gliscor,TANK,1.00,gliscor,TANK,1.00,OFFENSIVE_DIS,uturn,1.00,1.00
battle-gen9nationaldex-10903503,106,gliscor,TANK,1.00,gliscor,TANK,0.82,OFFENSIVE_DIS,uturn,1.00,0.82
battle-gen9nationaldex-10903503,107,gliscor,TANK,1.00,gliscor,TANK,0.64,OFFENSIVE_DIS,uturn,1.00,0.64
battle-gen9nationaldex-10903503,108,gliscor,TANK,1.00,gliscor,TANK,0.47,OFFENSIVE_DIS,uturn,1.00,0.47
battle-gen9nationaldex-10903503,109,gliscor,TANK,1.00,gliscor,TANK,0.30,OFFENSIVE_DIS,uturn,1.00,0.30
battle-gen9nationaldex-10903521,75,dubwool,TANK,1.00,urshifurapidstrike,UTILITY,0.25,DEFENSIVE_DIS,cottonguard,1.00,0.80
battle-gen9nationaldex-10903521,76,dubwool,TANK,1.00,tapulele,UTILITY,0.55,OFFENSIVE_DIS,cottonguard,1.00,0.80
battle-gen9nationaldex-10903521,77,dubwool,TANK,1.00,urshifurapidstrike,UTILITY,0.25,DEFENSIVE_DIS,cottonguard,1.00,0.80
battle-gen9nationaldex-10903521,78,dubwool,TANK,1.00,tapulele,UTILITY,0.55,OFFENSIVE_DIS,struggle,1.00,0.80
battle-gen9nationaldex-10903521,79,dubwool,TANK,0.81,urshifurapidstrike,UTILITY,0.18,DEFENSIVE_DIS,struggle,0.81,0.73
battle-gen9nationaldex-10903521,80,dubwool,TANK,0.59,tapulele,UTILITY,0.43,OFFENSIVE_DIS,struggle,0.59,0.61
battle-gen9nationaldex-10903521,81,dubwool,TANK,0.41,urshifurapidstrike,UTILITY,0.11,DEFENSIVE_DIS,struggle,0.41,0.54
battle-gen9nationaldex-10903521,82,dubwool,TANK,0.19,tapulele,UTILITY,0.33,OFFENSIVE_DIS,struggle,0.19,0.44
battle-gen9nationaldex-10903624,73,gliscor,TANK,1.00,corviknight,TANK,1.00,OFFENSIVE_DIS,defog,1.00,2.00
battle-gen9nationaldex-10903624,74,gliscor,TANK,1.00,clefable,TANK,1.00,NEUTRAL,defog,1.00,2.00
battle-gen9nationaldex-10903624,75,gliscor,TANK,0.75,clefable,TANK,1.00,NEUTRAL,defog,0.75,2.00
battle-gen9nationaldex-10903624,76,gliscor,TANK,0.87,corviknight,TANK,1.00,OFFENSIVE_DIS,roost,0.87,2.00
battle-gen9nationaldex-10903624,77,gliscor,TANK,1.00,clefable,TANK,1.00,NEUTRAL,roost,1.00,2.00
battle-gen9nationaldex-10903624,78,gliscor,TANK,0.78,clefable,TANK,1.00,NEUTRAL,struggle,0.78,2.00
battle-gen9nationaldex-10903624,79,gliscor,TANK,0.32,clefable,TANK,0.98,NEUTRAL,struggle,0.32,1.98
battle-gen9nationaldex-10903624,80,gliscor,TANK,0.20,corviknight,TANK,0.92,OFFENSIVE_DIS,struggle,0.20,1.90
